question,intent
How did serfdom develop in and then leave Russia ?,HowTo
What films featured the character Popeye Doyle ?,Fact
How can I find a list of celebrities ' real names ?,HowTo
What fowl grabs the spotlight after the Chinese Year of the Monkey ?,Fact
What is the full form of .com ?,Definition
What contemptible scoundrel stole the cork from my lunch ?,Fact
What team did baseball 's St. Louis Browns become ?,Fact
What is the oldest profession ?,Fact
What are liver enzymes ?,Definition
Name the scar-faced bounty hunter of The Old West .,Fact
When was Ozzy Osbourne born ?,Fact
Why do heavier objects travel downhill faster ?,Reason
Who was The Pride of the Yankees ?,Fact
Who killed Gandhi ?,Fact
What is considered the costliest disaster the insurance industry has ever faced ?,Fact
What sprawling U.S. state boasts the most airports ?,Fact
What did the only repealed amendment to the U.S. Constitution deal with ?,Definition
How many Jews were executed in concentration camps during WWII ?,HowTo
What is `` Nine Inch Nails '' ?,Definition
What is an annotated bibliography ?,Definition
What is the date of Boxing Day ?,Fact
What articles of clothing are tokens in Monopoly ?,Fact
Name 11 famous martyrs .,Fact
What 's the Olympic motto ?,Definition
What is the origin of the name ` Scarlett ' ?,Definition
What 's the second-most-used vowel in English ?,Fact
Who was the inventor of silly putty ?,Fact
What is the highest waterfall in the United States ?,Fact
Name a golf course in Myrtle Beach .,Fact
Which two states enclose Chesapeake Bay ?,Fact
What does the abbreviation AIDS stand for ?,Definition
What does a spermologer collect ?,Fact
How many points make up a perfect fivepin bowling score ?,HowTo
Which company that manufactures video-game hardware sells the `` super system '' ?,Fact
How many Community Chest cards are there in Monopoly ?,HowTo
What do Mormons believe ?,Definition
When did the neanderthal man live ?,Fact
In what religion was Isis the nature goddess ?,Fact
Where do the adventures of `` The Swiss Family Robinson '' take place ?,Fact
What relative of the racoon is sometimes known as the cat-bear ?,Fact
How can I register my website in Yahoo for free ?,HowTo
What was cash-conscious Colonel Edwin L. Drake the first to drill ?,Fact
How many people in the world speak French ?,HowTo
How many inches over six feet is the Venus de Milo ?,HowTo
How do they find or choose witnesses to an execution ?,HowTo
What 1920s cowboy star rode Tony the Wonder Horse ?,Fact
What cocktail inspired John Doxat to write the book Stirred-Not Shaken ?,Fact
What ISPs exist in the Caribbean ?,Fact
How do you ask a total stranger out on a date ?,HowTo
What weapon is the mythological character Apollo most proficient with ?,Fact
What country do the Galapagos Islands belong to ?,Fact
What is ethology ?,Definition
Who was the prophet of the Muslim people ?,Fact
Where did the term `` 86ed '' come from ?,Fact
Who is Snoopy 's arch-enemy ?,Fact
What is the nature of learning ?,Definition
What 's the only color Johnny Cash wears on stage ?,Fact
What 's the term for a young fox ?,Fact
What U.S. state lived under six flags ?,Fact
What is the Kashmir issue ?,Definition
Where is the Loop ?,Fact
What does `` extended definition '' mean and how would one write a paper on it ?,Definition
What country 's capital is Tirana ?,Fact
What is titanium ?,Definition
Who do Herb and Tootsie live next door to ?,Fact
Which city has the oldest relationship as a sister city with Los Angeles ?,Fact
What is a caldera ?,Definition
Why do people get calluses ?,Reason
What are the names of the tourist attractions in Reims ?,Fact
What are Cushman and Wakefield known for ?,Definition
What body of water does the Danube River flow into ?,Fact
Who is the founder of Scientology ?,Fact
What does the six-footed Musca domestica become when it enters a house ?,Fact
What is the history of skateboarding ?,Definition
Who starred in Singing in the Rain and The Singing Nun ?,Fact
How do I make fuel bricks from recycled newspaper ?,HowTo
What 19th-century painter died in the Marquesas Islands ?,Fact
The corpus callosum is in what part of the body ?,Fact
How do I log on to home page at Headquarters U.S. European Command ?,HowTo
"What country did the Nazis occupy for 1 , CD NNS IN NNP NNP NNP .",Fact
What is Nebraska 's most valuable resource ?,Fact
How many species of the Great White shark are there ?,HowTo
What is the origin of head lice ?,Definition
What is the nickname for the state of Mississippi ?,Fact
What was the first domesticated bird ?,Fact
How many villi are found in the small intestine ?,HowTo
What country did King Wenceslas rule ?,Fact
What is a fear of shadows ?,Fact
Who were the five Marx brothers ?,Fact
In which year was New Zealand excluded from the ANZUS alliance ?,Fact
When did CNN begin broadcasting ?,Fact
What causes the body to shiver in cold temperatures ?,Definition
What are bear and bull markets ?,Definition
What J.R.R. Tolkien book features Bilbo Baggins as the central character ?,Fact
What is `` dew point '' ?,Definition
What is the meaning of Jesus ?,Definition
What company 's logo is a `` W '' in a circle ?,Fact
What is the definition of a cascade ?,Definition
When did Rococo painting and architecture flourish ?,Fact
What country 's national passenger rail system is called Via ?,Fact
Who invented Make-up ?,Fact
What is the origin of the word `` attic '' ?,Definition
What did Delilah do to Samson 's hair ?,Definition
What kind of animals were in the Paleozoic era ?,Fact
Which of the following was Rhodes Scholar ?,Fact
Who comprised the now-defunct comic book team known as the Champions ?,Fact
How do you make a paintball ?,HowTo
What U.S. state is Fort Knox in ?,Fact
What is a female rabbit called ?,Fact
Where is the highest point in Japan ?,Fact
Where do chihuahuas come from ?,Fact
Where does Barney Rubble go to work after he drops Fred off in the `` Flintstones '' cartoon series ?,Fact
What are the world 's four oceans ?,Fact
What 's the only work by Michelangelo that bears his signature ?,Fact
What is the largest snake in the world ?,Fact
In what medium is Stuart Hamblen considered to be the first singing cowboy ?,Fact
Where on the Internet can I find a song lyrics database similar to the International Lyrics Server ?,Fact
How much money does a back injury lawsuit get ?,HowTo
What 's the common name for acetylsalicylic acid ?,Fact
What does the Georgetown `` Hoya '' mean ?,Definition
Where can I find a list of `` classic '' books 5th and 6th graders should read ?,Fact
Which two products use a tiger as their symbol ?,Fact
How is the election of a new Pope announced to the world ?,HowTo
How long does it take for your blood to make one complete trip through the body ?,HowTo
How do chickens have baby chicks ?,HowTo
What is the historical relationship of Catholic Church and bingo ?,Definition
How was the element calcium named ?,HowTo
What crooner joined The Andrews Sisters for Pistol Packin Mama ?,Fact
What piano company claims its product is the `` Instrument of the immortals '' ?,Fact
When did the Bounty mutiny take place ?,Fact
What novel inspired the movie BladeRunner ?,Fact
What is a transistor ?,Definition
What is a film starring Jude Law ?,Fact
What Hollywood dog died in the arms of Jean Harlow in 1932 ?,Fact
What are the most common elements in the Earth 's crust ?,Fact
"How much would it cost to purchase a 2-foot-square party tent , with sides , ?",HowTo
What actress has received the most Oscar nominations ?,Fact
What are equity securities ?,Definition
What is gymnophobia ?,Definition
How many years do fossils take to form ?,HowTo
Where is the Orinoco ?,Fact
What was the name of the `` Little Rascals '' dog ?,Fact
"What city boasts Penn 's Landing , on the banks of the Delaware river ?",Fact
What Broadway musical was inspired by Cervantes 's Don Quixote ?,Fact
"What is the origin of the word , JJ .",Definition
How many hostages were killed in the Entebbe raid ?,HowTo
How you can raise your IQ ?,HowTo
What does INRI stand for when used on Jesus ' cross ?,Definition
Who produces Spumante ?,Fact
Who earns their money the hard way ?,Fact
Who founded the People 's Temple Commune ?,Fact
What athlete makes the most money from sports merchandise sales ?,Fact
How many bends are there in a standard paper clip ?,HowTo
Who discovered electricity ?,Fact
What part of your body contains the corpus callosum ?,Fact
Who was the first American in space ?,Fact
What two South American countries do n't border Brazil ?,Fact
What album put The Beatles on the cover of Time in 1967 ?,Fact
"What poem contains the line , `` grow old with me the best is yet to be '' .",Fact
What is a dental root canal ?,Definition
What war did the Wanna-Go-Home Riots occur after ?,Fact
What is the busiest air travel season ?,Fact
What 's the colored part of the eye called ?,Fact
What are hook worms ?,Definition
Where is the Rose Bowl played ?,Fact
Which Japanese car maker had its biggest percentage of sale in the domestic market ?,Fact
Who is the mayor of Marbella ?,Fact
"What sun-blasted , 14-mile wide valley is just north of the Mojave desert ?",Fact
In what year did Thatcher become prime minister ?,Fact
How many months does it take the moon to revolve around the Earth ?,HowTo
Where are the 49 steps ?,Fact
In what year was De Gaulle elected president of France ?,Fact
Who sings the themes for `` Dawson 's Creek '' and `` Felicity '' ?,Fact
Who directed `` Jaws '' ?,Fact
On what T.V. show could Tom Terrific be found ?,Fact
What Indian tribe is F Troop perpetually doing battle with ?,Fact
Where did Indian Pudding come from ?,Fact
Why do some clothing labels say `` Use a nonchlorine bleach '' ?,Reason
How many colonies were involved in the American Revolution ?,HowTo
What is the name of the city that Maurizio Pellegrin lives in ?,Fact
Where can I find pictorial directions on how to build a very simple treehouse ?,Fact
"What game 's board shows the territories of Irkutsk , Yakutsk and Kamchatka ?",Fact
What is the name of the managing director of Apricot Computer ?,Fact
What is the occupation of Nicholas Cage ?,Fact
Why do horseshoes bring luck ?,Reason
"What is the 401 , K , plan ?",Definition
What causes pneumonia ?,Definition
What are the three winter months in the southern hemisphere ?,Fact
What does gringo mean ?,Definition
What country contains Africa 's northernmost point ?,Fact
What therapy attempts to elicit the `` primal scream '' ?,Fact
Where is the Kalahari desert ?,Fact
Which Ventura County police department seized the largest cocaine shipment in it 's history ?,Fact
What city is sometimes called Gotham ?,Fact
What dangles over the tongue from the palate ?,Fact
Who created Dennis the Menace ?,Fact
What dummy received an honorary degree from Northwestern University ?,Fact
When was the first Wall Street Journal published ?,Fact
What countries have the largest areas of forest ?,Fact
How do I start a web based business ?,HowTo
Name Alvin 's brothers,Fact
What is Eagle 's syndrome styloid process ?,Definition
How did Jayne Mansfield die ?,HowTo
When did the royal wedding of Prince Andrew and Fergie take place ?,Fact
What actor said in A Day at the Races : `` Either he 's dead or my watch has stopped '' ?,Fact
What explorer was nicknamed Iberia 's Pilot ?,Fact
CNN began broadcasting in what year ?,Fact
What is a ball that hits the foul pole called ?,Fact
What makes hamburgers taste like steakburgers ?,Definition
Which company created the Internet browser Mosaic ?,Fact
What are the rites accompanying the circumcision of a newly born-child in Judaism called ?,Fact
What was the education system in the 1960 's ?,Fact
What South American city has the world 's highest commercial landing field ?,Fact
How can I find out which cities have cable-modem access ?,HowTo
What is Betsy Ross famous for ?,Definition
How many species of sharks are there ?,HowTo
What is `` snoogans '' ?,Definition
How many people are there in the world ?,HowTo
What shrubs can be planted that will be safe from deer ?,Fact
What organization 's offices were broken into at Watergate in 1972 ?,Fact
What is the design of the ship Titanic ?,Definition
What does S.O.S. stand for ?,Definition
Name a technique widely used to detect birth defects ?,Fact
What is the daily requirement of folic acid for an expectant mother ?,Definition
What is the `` 7-minute cigarette '' ?,Definition
What four forms does gold occur in ?,Fact
What is the acreage of the Chappellet vineyard ?,Fact
How do you correctly say the word ` qigong ' ?,HowTo
When did beethoven die ?,Fact
How much does a new railroad coal car cost ?,HowTo
What two European countries entered the War of American Independence against the British ?,Fact
What is the filmmakers collabrative ?,Definition
What Russian composer 's Prelude in C Sharp Minor brought him fame and fortune ?,Fact
What caused Harry Houdini 's death ?,Definition
"Who was the mother of the man who would not be king , the duke of Windsor ?",Fact
How many revolutions does a standard LP make in three minutes ?,HowTo
What is the name of the tallest mountain in the world ?,Fact
Where can I find a review of Nightmare on Elm Street in a film journal ?,Fact
What 's the slowest Olympic swimming stroke ?,Fact
What was the name of the first Russian astronaut to do a spacewalk ?,Fact
What disease is transmitted by the Anopheles mosquito ?,Fact
What rum is so `` mixable '' it is a one-brand bar ?,Fact
How many South American countries have the letter Z in their names ?,HowTo
What is the contents of proposition 98 ?,Definition
Where was George Washington born ?,Fact
"How many people on the ground were killed from the bombing of Pan Am Flight 103 over Lockerbie , Scotland , December 21 , CD .",HowTo
Who wrote NN DT NNP NNP '' ?,Fact
What is paracetamol ?,Definition
What are the powers and weaknesses of Green Lantern 's ring ?,Definition
"Which mosquito 's bite draws blood , DT NN CC DT NN .",Fact
When was the first steel mill in the United States built ?,Fact
What diminutive American female gymnast stole the show at the 1984 Olympics ?,Fact
What is the origin of the name Katie ?,Definition
"What schools in the Washington , DC NN NN VBP NN NN NN NN .",Fact
When did the Berlin Wall go up ?,Fact
Who is Terrence Malick ?,Fact
What instrument is Ray Charles best known for playing ?,Fact
"What 's the meaning of the Latin battle cry : Ad arma , ad arma .",Definition
What is the mascot for Notre Dame University ?,Fact
"What Las Vegas hotel burned in November , 1980 , with the loss of 84 lives ?",Fact
When did Mount St. Helen last have a significant eruption ?,Fact
CNN is the abbreviation for what ?,Definition
When did World War I start ?,Fact
How many feet are there in a fathom ?,HowTo
What is a Canada two-penny black ?,Definition
What European city do Nicois live in ?,Fact
How can I find out what year a Beanie Baby was introduced ?,HowTo
What is the classic definition of tragic hero ?,Definition
To what does Microsoft 's Windows 3 owe its success ?,Fact
Who was President of Afghanistan in 1994 ?,Fact
"What are other ways of getting stretch marks besides pregnancy , weight loss , and weight lifting ?",Fact
What did brontosauruses eat ?,Fact
What color bottles do good Rhine wines come in ?,Fact
Who was the lead actress in the movie ` Sleepless in Seattle ' ?,Fact
Who was the 16th President of the United States ?,Fact
Who are the two sons of Ozzie and Harriet Nelson ?,Fact
What is molybdenum ?,Definition
When is Boxing Day ?,Fact
What is the lowest level of the American judiciary ?,Fact
When was the battle of the Somme fought ?,Fact
How many people did Randy Craft kill ?,HowTo
What 's the official animal of Canada ?,Fact
When did Spielberg direct `` Jaws '' ?,Fact
What is the size of the largest akita ?,Fact
What animal has the biggest eyes ?,Fact
What is California 's capital ?,Fact
Who was the author of the book about computer hackers called `` The Cuckoo 's Egg : Tracking a Spy Through the Maze of Computer Espionage '' ?,Fact
Who was the founding member of the Pink Floyd band ?,Fact
What European country is home to the beer-producing city of Budweis ?,Fact
How do I find the balance of my social security account ?,HowTo
What is the history of Valentine 's Day cards ?,Definition
Where was Christopher Columbus born ?,Fact
What do Italians call Florence ?,Fact
How do you get to the top of the Eiffel Tower ?,HowTo
What does ` PSI ' stand for ?,Definition
What sea did the Romans call mare nostrum ?,Fact
What 's the term for a bet before cards are dealt ?,Fact
"Which came first , according to Genesis 1 : 2 : 22 - the chicken or the egg ?",Fact
What city did the Flintstones live in ?,Fact
What is Latin for incompetent ?,Fact
What chemicals are used in lethal injection ?,Fact
What toy company is the world 's No.1 maker of female apparel ?,Fact
What board game does a `` wood-pusher '' play poorly ?,Fact
Which Doonesbury character was likely to turn into a werewolf ?,Fact
What is the abbreviation for micro ?,Definition
What are the 7 articles of the constitution ?,Fact
Who has won the most Super Bowls ?,Fact
What does NASDAQ stand for ?,Definition
What is BPH ?,Definition
What is the fastest commercial automobile that can be bought in the US ?,Fact
What stadium do the Miami Dolphins play their home games in ?,Fact
Who has the only speaking role in `` Silent Movie '' ?,Fact
Why is poop sometimes different colors ?,Reason
What was Einstein 's IQ ?,Fact
What day was Pearl Harbor attacked in 1942 ?,Fact
What girl 's name is `` Teddy '' an affectionate form of ?,Fact
What state is John F. Kennedy buried in ?,Fact
What is the best way to remove wallpaper ?,Fact
What U.S. state has an element named for it ?,Fact
What company tabulates the ballots in voting for the Academy Awards ?,Fact
How did the tradition of best man start ?,HowTo
How many years ago did the ship Titanic sink ?,HowTo
What is the deepest area of the Arctic Ocean ?,Fact
What are Halloween 's colors ?,Fact
How is silk screening done ?,HowTo
"What is the latitude and longitude of El Paso , Texas ?",Fact
Who made a boat out of gopher wood ?,Fact
Where can I find a `` Fifth Element '' screensaver ?,Fact
Which Bloom County resident wreaks havoc with a computer ?,Fact
How do you match a name to a social security number ?,HowTo
How does a rainbow form ?,HowTo
What is the normal resting heart rate of a healthy adult ?,Fact
What is the population of Ohio ?,Fact
How many calories are there in a Big Mac ?,HowTo
Hazmat stands for what ?,Definition
What creature scares people in the film `` Jaws '' ?,Fact
What part did John Peter Zenger play in the deveopment of the newspaper in America ?,Fact
Who followed Caesar ?,Fact
What are the four elements ?,Fact
Who was the first woman golfer to earn a million ?,Fact
What 's the tallest piece on a chessboard ?,Fact
What is Answers.com 's address ?,Fact
Where can I buy movies on videotape online ?,Fact
Who does the advertizing for Frito-Lay ?,Fact
Who is the leading competitor of Trans Union Company ?,Fact
What product did Robert Conrad dare people to knock off his shoulder ?,Fact
Who invented the radio ?,Fact
What 's the American dollar equivalent for 8 pounds in the U.K. ?,Fact
What are the different approaches of systems analysis ?,Fact
How do doctors diagnose bone cancer ?,HowTo
Who is the man behind the pig-the man who pulls the strings and speaks for Miss Piggy ?,Fact
What is the speed of the Mississippi River ?,Fact
What are the developmental stages of a swimmer ?,Fact
What actor first portrayed James Bond ?,Fact
What ocean is the largest in the world ?,Fact
"Who was the first American poet to win the Nobel Prize for literature , in 1948 ?",Fact
What year did Jack Nicklaus join the Professional Golfers Association tour ?,Fact
How many sonnets did Shakespeare write ?,HowTo
What causes the redness in your cheeks when you blush ?,Definition
Who won the Nobel Peace Prize in 1991 ?,Fact
Who are the Challengers of the Unknown ?,Fact
Define the Pheonix Club ?,Definition
Which city did Christian Crusaders fight to recapture from the Muslims ?,Fact
What does it mean `` Rupee Depreciates '' ?,Definition
What gaming devices were dubbed `` Mississippi marbles '' and `` Memphis dominoes '' ?,Fact
Who was the first coach of the Cleveland Browns ?,Fact
How successful is arometherapy ?,HowTo
What Jewish holiday saw the start of the 1973 Mideast War ?,Fact
How does a copier work ?,HowTo
What is the speed of the Mississippi River ?,Fact
Who said of Super Bowl III in 1969 : `` We 'll win- I guarantee it '' ?,Fact
What is Dudley Do-Right 's horse 's name ?,Fact
Who declared : `` I am down on whores and I shan 't stop ripping them '' ?,Fact
Where does chocolate come from ?,Fact
What TV game show once saw a contestant admit to picking his toes in the shower ?,Fact
What Soviet leader owned a Rolls-Royce ?,Fact
Where can I find a case on Individuals with Disabilities Education Act of 1991 ?,Fact
What war did Florence Nightingale tend the troops in ?,Fact
"Who wrote the song , `` Stardust '' ?",Fact
How many Beatles ' records went #1 ?,HowTo
Who is the only prime minister of Canada to serve 22 years but not necessarily consecutively ?,Fact
What is the abbreviation of the company name ` General Motors ' ?,Definition
What mountains lie between the Arkansas and Missouri rivers ?,Fact
Who received the Will Rogers Award in 1989 ?,Fact
What is the function of RAM ?,Definition
What 's the closest G2 Spectrum Yellow Dwarf to Earth ?,Fact
How many equal angles are there in an isosceles triangle ?,HowTo
What is the fear of cockroaches called ?,Fact
What CBS soap opera was interrupted by the bulletin of John F. Kennedy 's assassination ?,Fact
What is the use of a 24-hour clock instead of a 12-hour clock ?,Definition
What was the name of the lawyer who represented Randy Craft ?,Fact
What United States President had dreamed that he was assassinated ?,Fact
What film did Lee Marvin win the 1965 best actor Oscar for ?,Fact
Where is Basque country located ?,Fact
What product does `` Mrs. Olsen '' promote ?,Fact
What time of day did Emperor Hirohito die ?,Fact
What is dry ice ?,Definition
What 's the most powerful card in Euchre ?,Fact
What does `` intractable plantar keratoma '' mean ?,Definition
How many years did it take James Joyce to write Ulysses ?,HowTo
What crop failure caused the Irish Famine ?,Fact
What South Korean city is served by Kimpo International Airport ?,Fact
How many types of dogs ' tails are there - three,HowTo
What is the longest-running television series ?,Fact
What predators exist on Antarctica ?,Fact
What is the difference between a generator and an alternator ?,Comparison
How is energy created ?,HowTo
What beer advertised that it had `` three rings '' ?,Fact
What is the quantity of American soldiers still unaccounted for from the Vietnam war ?,Fact
What golfing accessory was patented by George Grant on December 12,Fact
What are the different types of plastic ?,Fact
How is it correct to say ` qigong ' ?,HowTo
What was the highest mountain on earth before Mount Everest was discovered ?,Fact
"Where was the Ligurian Republic , 1797-185 , ?",Fact
What country 's people are the top television watchers ?,Fact
When was the women 's suffrage amendment ratified ?,Fact
What Polynesian people inhabit New Zealand ?,Fact
What movie tour of the Roman empire features the admonition : `` Row well and live '' ?,Fact
What Nevada center has been dubbed The Biggest Little City in the World ?,Fact
"What President lived at 219 North Delaware Street , Independence , Missouri ?",Fact
Give a reason for American Indians oftentimes dropping out of school .,Definition
Where must a soccer goalie stand to be permitted to handle the ball ?,Fact
What is the difference between classical conditioning and operant conditioning ?,Comparison
In what U.S. state was the first woman governor elected ?,Fact
What are some interesting facts and information about dogsledding ?,Definition
What year did Hitler die ?,Fact
What famous model was married to Billy Joel ?,Fact
What kind of animal is Babar ?,Fact
What is Jane Goodall known for ?,Definition
What killed Bob Marley ?,Fact
How much money are Dumbo 's ears insured for ?,HowTo
Who danced into stardom with Fred Astaire in 1941 's You 'll Never Get Rich ?,Fact
Who is Stein Eriksen ?,Fact
What does the name Billie mean ?,Definition
Who is the fastest swimmer in the world ?,Fact
What is the highest peak in Africa ?,Fact
Where is Procter & Gamble headquartered in the U.S. ?,Fact
What desert has been called The Garden of Allah ?,Fact
What do bicornate animals have two of ?,Fact
What function does a community 's water tower serve ?,Definition
What is a fear of weakness ?,Fact
How many miles is it to Ohio from North Carolina ?,HowTo
How much snow equals an inch of rain ?,HowTo
What does G.M.T. stand for ?,Definition
What does Inuit and Eskimo mean ?,Definition
What song served as the closing theme of The Johnny Cash Show ?,Fact
What field sport did dentist William Beers promote and write a standard book of rules for ?,Fact
How do I tie dye clothes ?,HowTo
When does the average teenager first have intercourse ?,Fact
Why doesn 't www.answers.com have any answers to my questions ?,Reason
What actor 's autobiography is titled All My Yesterdays ?,Fact
What Russian master spy lived in the U.S. under the name Emil Goldfus ?,Fact
Where 's the 19th hole on a golf course ?,Fact
What 's nature 's purpose for tornadoes ?,Definition
Who played the original Charlie 's Angels ?,Fact
Where can I find a person 's address from a telephone number ?,Fact
"What English word comes from the Old French covrefeu , meaning cover fire ?",Fact
What musical instrument did Prewitt play in James Jones 's From Here to Eternity ?,Fact
Where did Sarge Steel get his metal hand ?,Fact
What makes popcorn pop ?,Definition
Who wrote The Night of the Iguana ?,Fact
Where does your hair grow the fastest ?,Fact
What country did King Gustav V reign over from 197 to 195 ?,Fact
Who painted Mother and Child ?,Fact
What is the speed of the Mississippi River ?,Fact
In what area of the world was the Six Day War fought ?,Fact
What is the brightest star visible from Earth ?,Fact
What film marked Robert Redford 's directorial debut ?,Fact
What was Mao 's second name ?,Fact
What film or films has Jude Law appeared in ?,Fact
Where do hyenas live ?,Fact
Who is the `` Queen Mother '' ?,Fact
What 's the most commonly-spoken language in Belgium ?,Fact
Who has more DNA - a man or a woman ?,Fact
What are Maid-Rites ?,Definition
"What children 's tale contains the line : `` Come , Cinderslut , and hold this skein of wool for me '' ?",Fact
What level of government or governmental agency is responsible for dealing with racism ?,Fact
How many referees work a soccer game ?,HowTo
What cocktail do you concoct with whisky and sweet vermouth ?,Fact
How do you say `` fresh '' in Spanish ?,HowTo
What do bee hives do in cranberry bogs ?,Definition
What caused the Lynmouth floods ?,Definition
When is the Tulip Festival in Michigan ?,Fact
"Who came up with the name , El Nino ?",Fact
What movie did Madilyn Kahn star in with Gene Wilder ?,Fact
What type of bridge is the Golden Gate Bridge ?,Fact
What dictator has the nickname `` El Maximo '' ?,Fact
What stereo manufacturer is `` Slightly ahead of its time '' ?,Fact
What U.S. city is The Queen of the Pacific ?,Fact
What TV sitcom character had the maiden name Ethel Potter ?,Fact
What was the first Lifesaver flavor ?,Fact
Who kept the most famous diary in the English language ?,Fact
Where can I find out the top 1 singles ?,Fact
How many degrees cooler is the inside of a cucumber than the air outside ?,HowTo
What Spanish artist painted Crucifixion ?,Fact
What is the Jewish bible called ?,Fact
Why is the grass green ?,Reason
What is a firewall ?,Definition
What spy novelist served as Moscow correspondent for Reuter and The Times of London ?,Fact
Which oil company almost picked a word that meant `` stalled car '' in Japanese as its new international name ?,Fact
How long does it take for Spider-Man 's web to evaporate ?,HowTo
Who was Randy Steven Craft 's lawyer ?,Fact
What was known as the Spice Island ?,Fact
Who was the first host of Person to Person ?,Fact
Name the Ranger who was always after Yogi Bear .,Fact
"What deck of cards includes the Wheel of Fortune , the Lovers , and Death ?",Fact
What does the Statue of Liberty wear on her feet ?,Fact
Who is the superstar in rent-a-cars ?,Fact
McCarren Airport is located in what city ?,Fact
"What household facility contains a float ball , ballcock , and overflow tube ?",Fact
What was the name of Betty Boop 's dog ?,Fact
What fraction of a beaver 's life is spent swimming ?,Fact
What was the Bridge of San Luis Rey made of ?,Fact
What do economists do ?,Definition
What country has the largest sheep population ?,Fact
"What do I need to do to take my dog with me to live in Dominica , West Indies for a year ?",Definition
What country is the world 's largest importer of cognac ?,Fact
How many years is Johnnie Walker Black Label aged ?,HowTo
What does SIDS stand for ?,Definition
What is Grenada 's main commodity export ?,Fact
"How much would a black-and-white 1-cent stamp be worth , Thomas Jefferson on it , ?",HowTo
What makes a clitoris sensitive ?,Definition
"What country has the most time zones , with 11 ?",Fact
What `` magic '' does Mandrake employ ?,Fact
Who is the president of Stanford University ?,Fact
Whose first presidential order was : `` Let 's get this goddamn thing airborne '' ?,Fact
"What was introduced commercially by Bayer A.G. of Leverkusen , in 1899 ?",Fact
What city is Logan Airport in ?,Fact
What is a nanometer ?,Definition
How many innings are there in a regulation softball game ?,HowTo
When did CNN go on the air ?,Fact
What is the largest city on the Great Lakes ?,Fact
What is the telephone number for the University of Kentucky ?,Fact
Who invented baseball ?,Fact
How many wives did Brigham Young have ?,HowTo
What product on the market is good for hiding facial scars ?,Fact
How long is the Coney Island boardwalk ?,HowTo
What city gained renown for its pea-soup fogs ?,Fact
What does `` Janelle '' mean ?,Definition
How do I get another city 's newspaper ?,HowTo
Name a movie about the Sioux Indians starring Kevin Costner .,Fact
"Who was shot in the back during a Poker game in Deadwood , the Dakota territory ?",Fact
What are the distinct physical characterstics of the Arabian horse ?,Definition
What is a fear of thunder ?,Fact
What animal has killed the most people ?,Fact
How many colleges are in Wyoming ?,HowTo
What Russian seaport has a name meaning `` Lord of the East '' ?,Fact
Where can stocks be traded on-line ?,Fact
When was the Battle of Hastings ?,Fact
What kind of file has the extension .dbf ?,Fact
When did Muhammad live ?,Fact
"What then-derogatory term was applied to the painters Monet , Sisley , Pissarro , Renoir and Degas ?",Fact
What is a wop ?,Definition
Where do rocks come from ?,Fact
How do I stop background noise in a car stereo ?,HowTo
Where do people mountain climb in Nepal ?,Fact
What is the best college in the country ?,Fact
What is viscosity ?,Definition
What was the name of the sitcom that Alyssa Milano starred in with Tony Danza ?,Fact
What are the Nordic nations ?,Fact
Where on the Internet can I get information about the Fifth Amendment on the American Bill of Rights ?,Fact
What U.S. state borders Illinois to the north ?,Fact
Name a film in which Jude Law acted .,Fact
What is the temperature for baking Peachy Oat Muffins ?,Fact
What is a fear of bees ?,Fact
What Vladimir Nabokov novel features Professor Humbert in love with a 12-year-old girl ?,Fact
What is a green bog ?,Definition
Where did the myth of Santa Claus originate ?,Fact
What does a chairbound basophobic fear ?,Fact
What city is served by Logan International Airport ?,Fact
What wrestling star became `` The Incredible Hulk '' ?,Fact
What attracts tourists to Reims ?,Fact
What game do Steve McQueen and Edward G. Robinson play in The Cincinnati Kid ?,Fact
What fastener did Whitcomb Judson patent in 1893 ?,Fact
What 's an auberge in France ?,Definition
Who was the star of the 1965 Broadway hit Golden Boy ?,Fact
Where is Procter & Gamble based in the U.S. ?,Fact
What army was founded by William Booth and his wife Catherine ?,Fact
What does ribavirin consist of ?,Fact
Name the soft drink that is `` number one in the sun . '',Fact
What is the web address of the list of e-mail addresses of members of the House of Representatives ?,Fact
What was her real name ?,Fact
Why are the ears your center of balance ?,Reason
Who invented the toothbrush ?,Fact
What was the name of that popular song the Creeps sang ?,Fact
Where is the Abominable Snowman said to wander ?,Fact
What is a fear of being alone ?,Fact
How many dots make up the symbol for `` because '' ?,HowTo
What do you get by adding Lactobacillus bulgaricus to milk ?,Fact
"When reading classified ads , what does EENTY : other stand for ?",Fact
How many hearts does an octopus have ?,HowTo
What plant has the largest seed ?,Fact
What was the only country you were allowed to drive into Israel from in 1979 ?,Fact
What 's approaching when a cyclist shouts : `` Oil '' ?,Fact
"What baseball star turned down a $1 , 000-a-year contract because he felt he had n't earned it ?",Fact
What kind of sport is often associated with hooligans ?,Fact
What video game hero do some of his fans call Chomper ?,Fact
How many holes are there in a tenpin bowling ball ?,HowTo
What is the longest word in the English language ?,Fact
In What city or state do the most gay men live in ?,Fact
"What TV comediennes 's characters include former movie star Nora Desmond , secretary Mrs. Wiggins and a housewife named Eunice ?",Fact
What is `` the bear of beers '' ?,Fact
Name the operating system that runs on IBM-compatible machines .,Fact
What does the name `` Justin '' mean ?,Definition
What percentage of the body is muscle ?,Fact
What color of dry wine should be served with veal roasts and chops ?,Fact
What is a golf ball made of ?,Fact
What is the Amish religion ?,Definition
What does an average daycare provider get paid in New England ?,Fact
What was the name of the 187s Irish terrorist group in Pennsylvania mining areas ?,Fact
Who played the Ringo Kid in the 1939 film Stagecoach ?,Fact
Who died 1 feet from where John F. Kennedy did ?,Fact
What is the `` coppertop '' battery ?,Definition
What sign is The Water Carrier the zodiacal symbol for ?,Fact
What animals do you find in the stock market ?,Fact
What is color ?,Definition
When is the site www.questions.com going to open ?,Fact
What did Shostakovich write for Rostropovich ?,Fact
What first name was Nipsy Russell given at birth ?,Fact
How can I get some free technical information on Electric Vehicle ?,HowTo
Who is the youngest of the Beatles ?,Fact
How did shipyard inspector James J. Kilroy designate equipment as being satisfactory ?,HowTo
What is a Jellicle Cat ?,Definition
Where can I find the best free evidence for debate about Russia ?,Fact
What is Bill Gates of Microsoft E-mail address ?,Fact
What is the second hardest substance ?,Fact
Why did several San Diego schools stop serving apples to students ?,Reason
What Russian city boasts the Hermitage Museum ?,Fact
When is Bastille Day ?,Fact
What makes a tornado turn ?,Definition
How many shots can a stock M16 hold ?,HowTo
What two colors are you blind to if you suffer from protanopia ?,Fact
Why do n't you guys have some sort of contest where you ask a question and whoever finds the answers wins a prize ?,Reason
Who is Coronado ?,Fact
What was the name of the movie that starred Sharon Stone and Arnold Schwarzenegger ?,Fact
What is artificial intelligence ?,Definition
What do flatfish eat ?,Fact
Who was the first Holy Roman Emperor ?,Fact
What can I use to remove the stubborn gummed labels from some diskettes ?,Fact
What day of the week sees the most fatal car accidents ?,Fact
"What is the origin of the word , magic ?",Definition
What sport do you shag flies in ?,Fact
What is white chocolate ?,Definition
Where is Trinidad ?,Fact
Name the organization that is presided by a Security Council .,Fact
"Who graced the airwaves with such pearls as `` Do ya lo-o-ove me ? Get naked , baby ! '' ?",Fact
What kind of wine is Spumante ?,Fact
Who portrayed portly criminologist Carl Hyatt on Checkmate ?,Fact
How do you say I love you in Spanish ?,HowTo
What does the name Gina mean ?,Definition
What is the most advanced handheld calculator in the world ?,Fact
How fast is light ?,HowTo
What is the belt of low pressure around the equator called ?,Fact
What are shooting stars ?,Definition
Whom did the Chicago Bulls beat in the 1993 championship ?,Fact
When was the first American encyclopedia published ?,Fact
What 's the tallest building in New York City ?,Fact
How is Easter Sunday 's date determined ?,HowTo
What is the Motto for the State of Maryland ?,Definition
Who is Desmond Tutu ?,Fact
Where can I find information on the Narragansett Indians and other tribes in Rhode Island ?,Fact
Name a tiger that is extinct .,Fact
How many quarters equal a pound ?,HowTo
What kind of books does Fodor 's publish ?,Fact
"What are the first names of Rowan and Martin , the stars of TV 's Laugh-In ?",Fact
What chapter of the Bible has the most verses ?,Fact
Who is the worst US President ever ?,Fact
What Asian leader was known as The Little Brown Saint ?,Fact
What is the abbreviated expression for the National Bureau of Investigation ?,Definition
How fast does the fastest car go ?,HowTo
What is the highest mountain in the world ?,Fact
What arch can you see from the Place de la Concorde ?,Fact
Who sings the song `` Drink to me with thine eyes '' by Ben Johnson ?,Fact
How long should a person wash their hands before they are clean ?,HowTo
Which way do you turn your Bic to increase the flame - clockwise or counterclockwise ?,Fact
Which is the wealthiest country in the world ?,Fact
How can I find a phone number of someone if I only know their email address ?,HowTo
How can you contact play producers and promoters on-line ?,HowTo
Who is the monarch of the United Kingdom ?,Fact
What is a fear of passing high objects ?,Fact
What do players try to do when the music stops in a game of musical chairs ?,Definition
What are the top ten most common girl names in the US ?,Fact
Why is black the color of mourning in the West ?,Reason
What is the rarest coin ?,Fact
What Judith Rossner novel was made into a film starring Diane Keaton ?,Fact
Which country is Australia 's largest export market ?,Fact
Where is the Kentucky Horse Park located ?,Fact
What is a fear of parasites ?,Fact
In what Olympic Games did Nadia Comaneci become popular ?,Fact
Who does data collection in tourism ?,Fact
What was the name of the daughter of the Virginia chief Powhatan that married John Rolfe ?,Fact
What is the leading pecan and peanut growing state ?,Fact
What does a nihilist believe in ?,Definition
What did Richard Feynman say upon hearing he would receive the Nobel Prize in Physics ?,Definition
"In what sport are these following numbers relevant : 118 , 126 , 134 , 142 , 15 , 158 , 167 , 177 , and 19 ?",Fact
Who were the four famous founders of United Artists ?,Fact
What 2 statues did France give to other countries ?,Fact
What are amphibians ?,Definition
How many sperm cells are in an average ejaculation ?,HowTo
Name the disposable razor that `` costs about 19 cents . '',Fact
How far do you have to run if you hit a home run ?,HowTo
Who was the only U.S. President to wear a Nazi uniform ?,Fact
Woodrow Wilson served as president of what university ?,Fact
Where are the tropical rain forest distributions ?,Fact
What 's the nickname of oddsmaker Jimmy Snyder ?,Fact
What is the fear of being loved ?,Fact
What was the number of people that Randy Steven Craft was convicted of killing ?,Fact
What was Queen Victoria 's title regarding India ?,Fact
How is a hydrogen bomb different from a nuclear bomb ?,HowTo
How far can a man travel in outer space ?,HowTo
Where was Lincoln assassinated ?,Fact
What type of food makes you fat ?,Fact
What is the name of the chronic neurological autoimmune disease which attacks the protein sheath that surrounds nerve cells causing a gradual loss of movement in the body ?,Fact
What was the U.S. highway death toll in 1969 ?,Fact
"What kind of animals are Dorsets , Lincolns , Oxfords and Southdowns ?",Fact
What are the shortest and the longest songs ever produced ?,Fact
What letter is to the right of K on a typewriter keyboard ?,Fact
"What is the origin and the meaning of the name , `` Hajo ? ''",Definition
What is the plural of gulf ?,Fact
Whose autobiography is titled Yes I Can ?,Fact
What year did the United States pass the Copyright law ?,Fact
What percentage of Americans own their homes ?,Fact
What 's the first day of the week ?,Fact
What city was President William McKinley shot in ?,Fact
What city has the world 's longest subway system ?,Fact
"Who claimed he killed 4 , 280 buffalo as food for the crew building the Kansas Pacific Railway ?",Fact
What is Bombay duck ?,Definition
How many degrees cooler is the inside of a cucumber than the air outside ?,HowTo
What double talking `` professor '' holds a doctorate in Nothing ?,Fact
What are the five most expensive cities in the world ?,Fact
What 19th-century writer had a country estate on the Hudson dubbed Sunnyside ?,Fact
How many layers of yellow paint is a Faber Mongol pencil lucky enough to be sprayed with ?,HowTo
What is a virtual IP address ?,Definition
What was the name of the cook on Rawhide ?,Fact
What county is Chicago in ?,Fact
What is the wingspan of a condor ?,Fact
What facial feature typically contains about 55 hairs ?,Definition
"Who was named Admiral of the Ocean Seas and Viceroy and Governor General of all the islands he might discover , and also granted 10-?? of all profits of his voyage .",Fact
How can I transport files from one computer to another ?,HowTo
What 's the literary term for a play on words ?,Fact
What color were their horses ?,Fact
What does an average daycare provider get paid in New England ?,Fact
What author landed a 468-pound marlin without harness in the early 193 's ?,Fact
How many Americans fought for the British in the American Revolution ?,HowTo
What kind of education do I need to become a flight attendant ?,Fact
What are the two languages of Malta ?,Fact
How many oceans are there and name them ?,HowTo
What happened during the Blackhawk Indian war of 1832 ?,Definition
How many pairs of legs does a lobster have ?,HowTo
What does the Latin ante mortem mean ?,Definition
What does the name Shawn mean ?,Definition
Where is the Danube ?,Fact
"What lawyer won the largest divorce settlement , $85 million , in U.S. history for Sheika Dena Al-Farri ?",Fact
What do you call a group of geese ?,Fact
"Who delivered his last newscast on March 6 , 1981 ?",Fact
"How many times has `` Louie , Louie '' been recorded ?",HowTo
How is Answers.com different from KnowPost.com ?,HowTo
What is the longest place name in the U.S. ?,Fact
What percent liked Thatcher after she had been in power for a decade ?,Fact
"Where does Buzz Aldrin want to build a permanent , manned space station ?",Fact
What was Mel Gibson 's first movie ?,Fact
Why was the L.A. office of Shea and Gould closed ?,Reason
How do I start a bank ?,HowTo
How do Ouija Boards work ?,HowTo
What horse did Zorro ride ?,Fact
How do you get a broken cork out of a bottle ?,HowTo
Where can I find correct tabs for Third Eye Blind songs ?,Fact
How do you determine heating requirements for your home ?,HowTo
What former major-league left-handed baseball pitcher was known as `` Space Man '' ?,Fact
"Which hair care product told us `` hate that gray , wash it away '' ?",Fact
Why did the chicken cross the road ?,Reason
What was Michelangelo 's last name ?,Fact
Who is Barbara Jordan ?,Fact
Who was the Democratic nominee in the American presidential election ?,Fact
What was Connecticut 's first constitution called ?,Fact
What historical event happened in Dogtown in 1899 ?,Fact
What is being done about the millennium bug ?,Definition
What was the claim to fame of King Camp Gillette ?,Definition
What is the most common kind of skin cancer in the U.S. ?,Fact
What is Olestra ?,Definition
What Asian country has a bill of rights for cows ?,Fact
How many fingers are used to draw a bow ?,HowTo
What are two plants that clothes are made from ?,Fact
When was Hurricane Hugo ?,Fact
What is the most heavily caffeinated soft drink ?,Fact
What President-to-be was the first member of Congress to enlist following the attack on Pearl Harbor ?,Fact
What was the price of Varian Associates ' vacuum products division ?,Fact
When was `` the Great Depression '' ?,Fact
What language is mostly spoken in Brazil ?,Fact
What college produced the most winning Super Bowl quarterbacks ?,Fact
How do you solve `` Rubik 's Cube '' ?,HowTo
What is prepared mustard ?,Definition
What classical Spanish writer warned : `` All that glitters is not gold '' ?,Fact
What does `` antidisestablishmentarianism '' mean ?,Definition
What actor married John F. Kennedy 's sister ?,Fact
What does a topophobic actor suffer from ?,Fact
Who fired Maria Ybarra from her position in San Diego council ?,Fact
"The italian artist , Maurizio Pellegrin , is how old ?",Fact
What type of hunting are retrievers used for ?,Fact
What is Colin Powell best known for ?,Definition
Who was the first black golfer to tee off in the Masters ?,Fact
What city is the setting for Puccini 's opera La Boheme ?,Fact
What U.S. President showed a fondness for munching on bee pollen bars ?,Fact
What is measured in curies ?,Definition
Whose cover is that of an employee of Universal Import and Export ?,Fact
What former president 's daughter has written a book titled Murder in the White House ?,Fact
What fictional character is known as the `` melancholy Dane '' ?,Fact
Italy is the largest producer of what ?,Fact
What longtime game show host dropped dead while jogging in Central Park in 1984 ?,Fact
"What is the meaning of W.B. Yeat 's poem , `` The Three Hermits ? ''",Definition
Who were the `` filthiest people alive ? '',Fact
What infectious disease is the world 's deadliest ?,Fact
What is Spumante ?,Definition
In what year did Ireland elect its first woman president ?,Fact
What is an isthmus ?,Definition
What was the name of the orca that died of a fungal infection ?,Fact
Where is Mozambique located ?,Fact
What is Mississippi 's state animal ?,Fact
What 's the origin of the word ` news ' ?,Definition
What did Dan Aykroyd and John Belushi quit Saturday Night Live to become ?,Fact
How many months does a normal human pregnancy last ?,HowTo
How do fuel injectors work ?,HowTo
How can your school march in the Macy 's Thanksgiving Parade ?,HowTo
What is the real name of disc jockey `` Wolfman Jack '' ?,Fact
What Italian liner was hijacked in 1985 ?,Fact
What city houses the U.S. headquarters of Procter and Gamble ?,Fact
What soap was touted as being `` for people who like people '' ?,Fact
How much was the minimum wage in 1991 ?,HowTo
What does NAFTA stand for ?,Definition
Who invented silly putty ?,Fact
"What new middle school was built in Philadelphia , Pennsylvania last year ?",Fact
Who patented the first phonograph ?,Fact
What are some tips for building a fire in a fireplace ?,Fact
What do manatees eat ?,Fact
How do you say 2 in Latin ?,HowTo
What were popular songs and types of songs in the 1920s ?,Fact
How many Vietnamese were there in the Soviet Union ?,HowTo
What is November 's birthstone ?,Fact
What is a Certified Nurse Midwife ?,Definition
"On average , how many miles are there to the moon ?",Fact
Who created private detective Philip Marlowe ?,Fact
"What Boris Pasternak book sold 5 , 0 copies to become the fiction best-seller of 1958 ?",Fact
What is the origin of the expression `` tout de suite '' ?,Definition
What is the longest English word ?,Fact
What is the purpose of a car bra ?,Definition
What is D.B. Cooper known for ?,Definition
Who is Colin Powell ?,Fact
What species is a colt ?,Fact
What is the full name of the PLO ?,Definition
What is the smallest country in Africa ?,Fact
Who coined the term NN cyberspace `` in his novel NN Neuromancer '' ?,Fact
What age followed the Bronze Age ?,Fact
What is her profession ?,Fact
What is the full name of the man who invented the multicolored game cube that has 42.3 quintillion potential combinations ?,Fact
What does the word LASER mean ?,Definition
What does the name `` Anthony '' mean ?,Definition
Who was Lauren Bacall 's first husband ?,Fact
What is a rhomboideus minor ?,Definition
How many hands does Bjorn Borg use when hitting his forehand ?,HowTo
How many people died on D-Day ?,HowTo
"What U.S. Congressman said : `` Keep the faith , baby '' .",Fact
Who created the character of Scrooge ?,Fact
What is the student population at the University of Massachusetts in Amherst ?,Fact
Where is Windsor Castle ?,Fact
When did the Dow first reach ?,Fact
Why were people recruited for the Vietnam War ?,Reason
What party was Winston Churchill a member of ?,Fact
What American League baseball team 's worst finish between 1926 and 1964 was fourth ?,Fact
Where can I find the names of all the 15 Pokemon ?,Fact
What state does Martha Stewart live in ?,Fact
Which killer whale died at Sea World of a fungal infection ?,Fact
What are the Benelux countries ?,Fact
Where 's the Petrified Forest ?,Fact
What is a language spoken by the Sioux ?,Fact
Where is Tornado Alley ?,Fact
Who was the author of `` John Brown 's Body '' ?,Fact
What American poet wrote : `` Good fences make good neighbors '' ?,Fact
What state in the U.S. has the most blacks ?,Fact
Why are electric cars less efficient in the northeast than in California ?,Reason
What was the occupation of Mandy Rice-Davies ?,Fact
What is the city in which Maurizio Pellegrin lives called ?,Fact
Who painted the Sistine Chapel ?,Fact
Name the various costumed personas of Dr. Henry Pym .,Fact
What breed of dog was the `` Little Rascals '' dog ?,Fact
What are the living conditions in Cuba ?,Definition
What color are school buses ?,Fact
What is the oldest website on the Internet ?,Fact
"What events happened January 26 , 1978 ?",Fact
What explorers followed Columbus to the Americas ?,Fact
Who is actress Goldie Hawn 's current actor boyfriend ?,Fact
Who banned Peter Rose from baseball for betting on games ?,Fact
What are the seven virtues ?,Definition
What other name were the `` Little Rascals '' known as ?,Fact
When was the San Francisco fire ?,Fact
What is a fear of food ?,Fact
"How many casinos are in Atlantic City , NJ ?",HowTo
What year did the Vietnam War end ?,Fact
What are the names of Richard Nixon 's two daughters ?,Fact
What 's the word for broken glass or sharp rocks embedded in cement on top of a wall ?,Fact
What is the chromosome number of an elephant ?,Fact
What organization was founded by the Rev. Jerry Falwell ?,Fact
What 's the longest river in the world ?,Fact
Which soft drink does Madonna advertise for ?,Fact
What company is being bought by Yahoo and how much is the deal worth ?,Fact
When was Berlin 's Brandenburg gate erected ?,Fact
How many double-word-score spaces are there on a Scrabble Crossword Game board ?,HowTo
What year did Germany sign its nonaggression pact with the Soviet Union ?,Fact
What mountain range is traversed by the highest railroad in the world ?,Fact
Why were the American soldiers in WWI called `` Doughboys '',Reason
Who was nicknamed The Little Corporal ?,Fact
How many CDs has Garth Brooks sold ?,HowTo
Name the vessel used by the Atari Force in the DC comics .,Fact
Where are the leading medical groups specializing in lung diseases ?,Fact
"How can I find online spelling , and punctuation drills for my 6th grader ?",HowTo
What 's the sacred river of India ?,Fact
What is Stefan Edberg 's native country ?,Fact
What is the only gland in humans that can regenerate itself ?,Fact
How many Gutenberg Bibles are there ?,HowTo
Name the largest country in South America .,Fact
What astronomical phenomenon takes place in Jan. 1999 ?,Fact
What information can you get me on Fairground Park in St. Louis,Definition
What was American folk hero John Chapman 's nickname ?,Fact
What is the difference between a median and a mean ?,Comparison
What was the top box office movie in April 1998 ?,Fact
What makes thunder ?,Definition
What author did photographer Yousuf Karsh call `` the shiest man I ever met '' ?,Fact
"Which is the largest clock , diameter wise , in Europe ?",Fact
What plant is rum made from ?,Fact
What country are Godiva chocolates from ?,Fact
"Name the poet of the poem which begins : I do not know much about gods ; but I think that the river Is a strong brown god-sullen , and untamed ?",Fact
Which condiment was once sold as a patent medicine ?,Fact
What U.S. state records the least rainfall ?,Fact
Why did the world enter a global depression in 1929 ?,Reason
"What was archy , and mehitabel ?",Definition
What Texas city got its name from the Spanish for `` yellow '' ?,Fact
What are the chemicals used in glowsticks ?,Fact
What country did the Nile River originate in ?,Fact
What color are tennis balls ?,Fact
What barroom judge called himself The Law West of the Pecos ?,Fact
What excuse did the NATO people give for hitting the Chinese embassy ?,Definition
Who was President of Costa Rica in 1994 ?,Fact
What sports event is Meyer Wolfsheim supposed to have fixed in The Great Gatsby ?,Fact
What country has the best defensive position in the board game Diplomacy ?,Fact
What two countries share the Khyber Pass ?,Fact
Who was chairman of the Senate select committee that tried to get to the bottom of Watergate ?,Fact
What is the origin of the surname of Braun ?,Definition
"What card game has variations called Canfield , Klondike and Spider ?",Fact
What is Australia Day ?,Definition
What mammal of North America is the world 's longest-lived for its size ?,Fact
What was the Chivington Massacre ?,Definition
"What actor starred in 1980 's Blue Lagoon , 1982 's The Pirate Movie and 1983 's A Night in Heaven ?",Fact
How many home runs did Lou Gehrig have during his career ?,HowTo
In what city is the headquarters of Sinn Fein ?,Fact
Where can I find information on George Bush ?,Fact
Who is the voice of Miss Piggy ?,Fact
What is the dialogue circle in cartoons called ?,Fact
"What does the word camaro mean , from the GM car the Camaro ?",Definition
Who replaced Bert Parks as the host of The Miss America Pageant ?,Fact
How many boys play the game in Winslow Homer 's 1872 painting Snap the Whip ?,HowTo
What is the AIM-54C Phoenix ?,Definition
When are sheep shorn ?,Fact
What sport is Chris Jogis a top player of ?,Fact
What 's the second-largest island in the world ?,Fact
What is the definition of low island ?,Definition
What century does Captain Video live in ?,Fact
What types of water pollution are there ?,Fact
How many astronauts manned each Project Mercury flight ?,HowTo
What soft drink would provide me with the biggest intake of caffeine ?,Fact
What 's the name of a golf course in Myrtle Beach ?,Fact
What are some of the significant historical events of the 1990s ?,Fact
Name the only extant trilogy of classical Greek plays .,Fact
Where is Logan Airport ?,Fact
What is the difference between Neoclassical art and Romanticism art ?,Comparison
Who was the first person inducted into the U.S. Swimming Hall of Fame ?,Fact
What golfer has been called Ohio Fats and Blobbo ?,Fact
Who murdered Leno and Rosemary LaBianca on August 1,Fact
What is the average cost for four years of medical school ?,Fact
What does God create in the first sentence of the Bible ?,Fact
Which of the following men was not married to Rita Hayworth ?,Fact
What is the current ticket fare from from Cairo to Barbados ?,Fact
What does NN O `` mean when used as a prefix in Irish surnames ?,Definition
How do you find oxidation numbers ?,HowTo
What is the state nickname of Mississippi ?,Fact
"What is Black Hills , South Dakota most famous for ?",Definition
What 1966 boob tube bomb took astronauts back to prehistoric times ?,Fact
How many students attend the University of Massachusetts ?,HowTo
"Who said , `` I shall return . '' during World War Two ?",Fact
What holidays are celebrated in Ireland ?,Fact
"Who portrayed Etta Place , companion to Butch Cassidey and the Sundance Kid ?",Fact
What are the Greek numerals ?,Definition
What 's the name of the temple that is located near the capital city of Laos ?,Fact
What is a fear of sleep ?,Fact
What auto race was Wilbur Reed the first to win three times ?,Fact
What are the most common breeding birds in the U.S. ?,Fact
"What was organized as a Confederate veterans ' social club in Pulaski , in Tennessee , in 1866 ?",Fact
How do you look up criminal records on the Internet ?,HowTo
"Where is the actress , Marion Davies , buried ?",Fact
What is an example of an actual case of using the Fourteenth Amendment ?,Definition
Who was the Charlie perfume woman ?,Fact
Who portrayed `` Rosanne Rosanna-Dana '' on the television show `` Saturday Night Live '' ?,Fact
"What singer became despondent over the death of Freddie Prinze , quit show business , and then quit the business ?",Fact
When did Iraqi troops invade Kuwait ?,Fact
What was Mark Johnson referring to when he said : `` I still can 't believe it- we beat the Russians ? '',Fact
What car was driven in the 199 release of `` Smokey and the Bandit '' ?,Fact
What was the backup singing group for Roy Rogers ?,Fact
What famous singing cowboy owns the California Angels baseball team ?,Fact
What 1915 film was the first to gross $5 million ?,Fact
Where did the term `` 86 '' come from ?,Fact
What causes someone to be ticklish ?,Definition
What is the probability that at least 2 out of 25 people will have the same birthday ?,Fact
How many Canadians emmigrate each year ?,HowTo
Why did several San Diego schools remove apples from students menus ?,Reason
What musical instrument did Sherlock Holmes play ?,Fact
Who was Gerald Ford 's vice president ?,Fact
What is `` the washed vodka '' ?,Definition
How many different languages are spoken in Europe ?,HowTo
What year was Desmond Mpilo Tutu awarded the Nobel Peace Prize ?,Fact
What 's a `` Drinker respirator '' better known as ?,Fact
Who invented batteries ?,Fact
Why do recipe books recommend starting with cold water when you boil something ?,Reason
Where can I buy a good snowboard for less than $200 ?,Fact
What title did Suzette Charles assume for two months in 1984 ?,Fact
What was the infamous pseudonym of Peter Sutcliffe ?,Fact
What is Smokey The Bear 's middle name ?,Fact
What is Nicholas Cage 's occupation ?,Fact
What British TV series featured Emma Peel ?,Fact
What London street is the home of British journalism ?,Fact
What tragedy befell the city of Dogtown in 1899 ?,Fact
What is the Immaculate Conception ?,Definition
What are the names of all the U.S. Navy aircraft carriers ?,Fact
What format was VHS 's main competition ?,Fact
What is Candlemas Day ?,Definition
In what city is the famed St. Mark 's Square ?,Fact
What does the Ouarterly Review of Doublespeak call an `` inoperative statement '' ?,Fact
How much did the minimum wage amount to in 1991 ?,HowTo
Where is Tufts University ?,Fact
What is a pyrotechnic display ?,Definition
How do I find out about jobs ?,HowTo
What Japanese manufacturer is known for both its pianos and its motorcycles ?,Fact
What is the chemical reactivity of argon ?,Fact
How many engines does a Boeing 737 have ?,HowTo
What is the origin of the term `` The Brooklyn Side '' in bowling ?,Definition
What is a fear of being cold ?,Fact
How long was Mao 's 1930s Long March ?,HowTo
What net game sees its women 's world amateur champions receive the Uber Cup ?,Fact
What four-legged creature did a Cornell University study say would make man 's best companion in space ?,Fact
What does a teaspoon of matter weigh in a black hole ?,Fact
"What did British companies stick 175 , 0 tons of tea into in 1982 ?",Fact
What province is Edmonton located in ?,Fact
How can I find out how much income tax is paid on Social Security income on the 1998 income tax ?,HowTo
Who did Sonny Liston succeed as world heavyweight boxing champion ?,Fact
What is California 's state bird ?,Fact
What is Martin Luther King Jr. 's real birthday ?,Fact
Name the various super-teams to which the Angel has belonged .,Fact
How does Zatanna perform her magic in DC comics ?,HowTo
What 's the name of Jacques Cousteau 's research ship ?,Fact
What President dispatched a cruiser to carry Charles Lindbergh home after his epic flight ?,Fact
Whose video is titled Shape Up with Arnold ?,Fact
In which Kevin Costner movie did Sioux Indians play a role ?,Fact
How many James Bond novels are there ?,HowTo
How do you get dates with the `` Hooters '' girls ?,HowTo
What bird can swim but can 't fly ?,Fact
How can I get a comic character I made copyrighted and published ?,HowTo
How large is the Arctic refuge to preserve unique wildlife and wilderness value on Alaska 's north coast ?,HowTo
What is Plc ?,Definition
How much electricity does the brain need to work ?,HowTo
How many acres in a mile ?,HowTo
What Dickens novel has David carrying the message `` Barkis is willin '' to Peggy ?,Fact
What is a hyperlink ?,Definition
Who 's the twin brother of the Greek goddess Artemis ?,Fact
Where did marijuana come from ?,Fact
"What is the per-capita income of Colombia , South America , ?",Fact
What novel has Big Brother watching ?,Fact
How many Grammys did Michael Jackson win in 1983 ?,HowTo
What does Elysium mean ?,Definition
What is the oldest website on the Internet ?,Fact
What is Shalom ?,Definition
What was the favorite sport of Tom Wolfe 's The Pump House Gang ?,Fact
What organic fuel do bog-dwellers use a `` slane '' to cut ?,Fact
What is the average age of a member of the team that worked on the Manhatten Project ?,Fact
What country received all the Nobel Prizes awarded in 1976 ?,Fact
How do you get rid on woodpeckers ?,HowTo
How many syllables are there in a line of hendecasyllabic poetry ?,HowTo
"What soft drink first appeared in the Old Corner Drug Store in Waco , Texas , in 1885 ?",Fact
What is Britain 's possession on the Chinese mainland ?,Fact
Who was America 's first Public Enemy No. 1 ?,Fact
How many children under 18 are victims of some sort of Physical Abuse each year ?,HowTo
What is the origin of thank you notes ?,Definition
What did Jimmy Stewart invent ?,Fact
What generation am I in ?,Fact
What is a fear of hell ?,Fact
Who is Dear Abby ?,Fact
"Who lives at 24 Sussex Drive , Ottawa ?",Fact
What is Jell-O made from ?,Fact
Who was Monet ?,Fact
What are the only two states that incorporate the Confederate battle flag in their flags ?,Fact
How do you make panoramic sugar eggs for Easter - the ones with the scene inside ?,HowTo
What 's the Southern dish made of pigs ' small intestines ?,Fact
Where is Guam ?,Fact
Who was the famous door-to-door brush salesman ?,Fact
What is the executor in a will ?,Definition
"What inescapable purveyor of background music celebrated its 5th anniversary in July , 1984 ?",Fact
How many people in America snore ?,HowTo
Who is always trying to get the rent from Andy Capp ?,Fact
What soft drink is most heavily caffeinated ?,Fact
Who did Jackie Kennedy commission to write The Death of a President ?,Fact
Which drug is commonly used to treat AIDS ?,Fact
How many stars are there on the Soviet Union 's flag ?,HowTo
What is the difference between microprocessors & microcontrollers ?,Comparison
Who sought to create The Great Society ?,Fact
What are tourist attractions in Reims ?,Fact
What are the lengths of pearl necklaces ?,Fact
Who said : `` Soldiers win the battles and generals get the credit '' ?,Fact
What is the proof that houseplants metabolize carcinogens ?,Definition
What prompted the co-pilot of the Enola Gay to enter only `` My God '' in his log ?,Definition
How long does it take the typical hen to lay 19 dozen eggs ?,HowTo
What Colorado city owns its own glacier ?,Fact
What is the history of `` the toast '' ?,Definition
What was the name of the Protestant revolt against the supremacy of the Pope ?,Fact
What is an arab strap ?,Definition
"How much does it cost , average or whatever is available , to produce and send junk mail catalogues in the US ? , DT CD NN NN ,",HowTo
Who is the current UN Secretary General ?,Fact
"Who provides telephone service in Orange County , California ?",Fact
Where did guinea pigs originate ?,Fact
What two countries ' coastlines border the Bay of Biscay ?,Fact
Why did Egyptians shave their eyebrows ?,Reason
What organization did Mr. Waverly assign agents for ?,Fact
When was the slinky invented ?,Fact
What are the characters ' names in the Scooby-Doo cartoon ?,Fact
What is a fear of cold ?,Fact
What was Eduard Shevardnadze 's job in the Soviet Union ?,Fact
What causes rust ?,Definition
Which is the only Dick Tracy villain to appear three times ?,Fact
What was the monster in Spielberg 's film `` Jaws '' ?,Fact
What color is an Arctic fox in winter ?,Fact
"What do the names Neil , Mary , and Anthony mean ?",Definition
"What European capital celebrated its 2 , 000th anniversary in 1951 ?",Fact
Why do people in the upper peninsula of Michagin say `` eh ? '' ?,Reason
What flower did Vincent Van Gogh paint ?,Fact
What country was the setting of You Only Live Twice ?,Fact
What was Thatcher 's approval rating after 10 years in power ?,Fact
Winnie the Pooh is what kind of animal ?,Fact
"What was the first Funk 'N Lata , Brazilian group , success ?",Definition
What is a handheld PC ?,Definition
What did John Hinckley do to impress Jodie Foster ?,Definition
What is Larry King 's job ?,Fact
How many calories are in a tomato ?,HowTo
In what state was the first co-educational college established,Fact
What war saw a naval battle between the luxury liners Cap Trafalgar and the Carmania ?,Fact
What is the treatment for depression ?,Fact
What is a fear of slime ?,Fact
What country in Latin America is the largest one ?,Fact
On which Hawaiian island is Pearl Harbor ?,Fact
"What feathered cartoon characters do Yugoslavians know as Vlaja , Gaja , and Raja ?",Fact
What Marx Brothers movie centers on a stolen painting ?,Fact
What was unusual about Alexandra 's appearance in Josie and the Pussycats ?,Definition
What is the origin of the word `` mind '' ?,Definition
When was Dick Clark born ?,Fact
What game is fatal to anybody over 21 ?,Fact
What is the death toll of people dying from tuberculosis ?,Fact
What happened to Moon Maiden ?,Definition
What city is wiener schnitzel named for ?,Fact
What are the Urals ?,Definition
How can you stop the itch from poison ivy ?,HowTo
What desert has the highest sand dunes ?,Fact
What two countries contain Sierra Nevada mountains ?,Fact
How do you tell your parents you are dating an older man ?,HowTo
How long was the TV mission of Star Trek 's Enterprise to be ?,HowTo
What phone number can I call to have a tree planted ?,Fact
When did the `` Star-Spangled Banner '' become the national anthem ?,Fact
Who was Lacan ?,Fact
What are the four natural aids used in riding a horse ?,Fact
What continent 's name appears on the upper left corner of a Budweiser label ?,Fact
Who was the Secretary of War in the Civil War during the Battle of Gettysburg ?,Fact
Who did Bobby Fischer beat to win the world chess championship ?,Fact
How do you exterminate bees that are in the walls of your home ? Will bee eggs remain over winter ?,HowTo
Where can I get information and statistics on countries and nations ?,Fact
Name a Gaelic language .,Fact
"What day is August 13 , 1971 ?",Fact
Where can I find a list of all the companies in America that offer a direct stock purchase plan ?,Fact
How do you send a movie transcript to Hollywood so that it can be produced into a film ?,HowTo
"What literary classic centers on the search for a treasure in gold worth 7 , 0 pounds ?",Fact
What is the origin of blue for boys and pink for girls ?,Definition
What is the name of the Michelangelo painting that shows two hands with fingers touching ?,Fact
How big is a quart ?,HowTo
What is the Hub of London ?,Definition
Jude Law acted in which film ?,Fact
What causes panic attacks ?,Definition
What was the filling in the first golf balls ?,Definition
What drug did Sigmund Freud become fascinated with while experimenting with the treatment of neurasthenia ?,Fact
What country was A Terrible Beauty to Leon Uris ?,Fact
What is typhoid fever ?,Definition
Where can I buy a hat like the kind Jay Kay from Jamiroquai wears ?,Fact
What are the Twin Cities ?,Definition
What is Beethoven 's 9th symphony called ?,Fact
Name the lawyer for Randy Craft .,Fact
Which breakfast cereal brought you `` the best each morning '' ?,Fact
"What does Ms. , Miss , and Mrs. stand for ?",Definition
What is the Homelite Inc. home page ?,Fact
"What explosive do you get by mixing charcoal , sulfur and saltpeter ?",Fact
What mountainous region of the world is the Lhasa Apso dog native to ?,Fact
What cancer is commonly associated with AIDS ?,Fact
How long does it take light to reach the Earth from the Sun ?,HowTo
Who lives at 39 Stone Canyon Way ?,Fact
How many questions are on this thing ?,HowTo
Who played Humpty Dumpty in the 1933 film Alice in Wonderland ?,Fact
"Who is Karenna Gore , Al Gore 's oldest daughter , married to ?",Fact
Who played the title role in I Was a Teenage Werewolf ?,Fact
Why are there olives in martinis ?,Reason
In what year did Hitler gain power of Germany ?,Fact
What year did Rossetti paint `` Beata Beatrix '' ?,Fact
What record company produced the 1978 movie The Wiz ?,Fact
Where can I find information about touring the Philippines ?,Fact
What did The Gas House Gang play ?,Fact
How many square feet is Bill Gates ' home ?,HowTo
"What is the name of actor Rex Harrison 's son , who starred in a modestly popular TV show during the late 1960's ?",Fact
What is the highest Roman numeral ?,Definition
What 's the most popular form of bridge ?,Fact
Who was the inventor of the stove ?,Fact
What comedian has a legendary reputation for stealing jokes ?,Fact
Where can I find information on the cyclone that hit New Jersey on 8/28/1941 ?,Fact
Boxing Day is celebrated on what date ?,Fact
What are the first ten amendements passed ?,Fact
What is another term for the painful wrist syndrome ?,Fact
What 's the difference between sleet and freezing rain ?,Comparison
How is the new Ford Econoline van F25 V1 engine ?,HowTo
Who was the king who was forced to agree to the Magna Carta ?,Fact
Who was made the first honorary citizen of the U.S. ?,Fact
What game is Garry Kasparov really good at ?,Fact
Where was Richard Nixon when Gerald Ford became president ?,Fact
Where does the U.S. rank among world countries in area ?,Fact
What novel did Ian Fleming introduce James Bond in ?,Fact
What was the target rate for M3 growth in 1992 ?,Fact
What baseball team was routinely called `` dem bums '' by its frustrated fans ?,Fact
Name of scholar on whose literal translations from the Chinese and Japanese Ezra Pound depended ?,Fact
When did Israel begin turning the Gaza Strip and Jericho over to the PLO ?,Fact
What are the major differences in the Catholic and Methodist religions ?,Comparison
Name the On Stage character whose face was never seen .,Fact
How much energy is released when oxygen and hydrogen mix ?,HowTo
What is the best Internet business to go into ?,Fact
What does Venus Retrograde mean ?,Definition
Who is known as `` the world 's oldest teenager '' ?,Fact
What are the largest breweries in the world ?,Fact
What does Las Vegas mean ?,Definition
What does the word `` meta '' mean ?,Definition
What keeps clouds in the air ?,Fact
What 's the term for any four-sided figure ?,Fact
Ray Charles plays which instrument ?,Fact
What country and western singer is known as The Silver Fox ?,Fact
What building appropriately enough is depicted on the back of the 1-dollar bill ?,Fact
What is graduate school ?,Definition
What is the difference between New York-style and Chicago-style pizza ?,Comparison
What baseball team owner and sailor is known as The Mouth of the South ?,Fact
What type of betting is used in horse racing ?,Fact
What kind of hat does Bat Masterson wear ?,Fact
Who was with Patricia Hearst the night she was kidnaped ?,Fact
What is the Viking Prince 's first name ?,Fact
What does the abbreviation cwt. ?,Definition
In what deodorant commercial did tenants have adjoining medicine cabinets ?,Fact
Where is Rider College located ?,Fact
What boxer 's life story is titled Raging Bull ?,Fact
For what reason did some San Diego schools stop serving apples ?,Definition
Who advised listeners to `` see the U.S.A. in your Chevrolet '' ?,Fact
Where was the first restaurant ?,Fact
Where can I find full written draft of CTBT ?,Fact
How many horses died during the civil war ?,HowTo
How much waste does an average dairy cow produce in a day ?,HowTo
What Nobel laureate was expelled from the Philippines before the conference on East Timor ?,Fact
"What woman has carried the most multiple births , twins , triplets , etc. , ?",Fact
How many minutes were there on the original GE College Bowl clock ?,HowTo
What is the average time it takes for a male to ejaculate ?,Fact
What is website of the International Court of Justice ?,Fact
Where are 8 of the 10 highest mountains in the world ?,Fact
Where can I look at a perpetual calendar ?,Fact
How many astronauts have been on the moon ?,HowTo
In what year did the Bounty mutiny happen ?,Fact
What is the only substance that gives food its `` taste '' when eaten ?,Fact
How do you reference a website ?,HowTo
What is pandoro ?,Definition
What do the letters ZIP stand for in the phrase `` ZIP code '' ?,Definition
Which Bourbon king was restored to the French throne during Napoleon 's abdication ?,Fact
What is one of the cities that the University of Minnesota is located in ?,Fact
What are the words to `` My Way '' written by Paul Anka ?,Definition
How do I install a tile floor ?,HowTo
What is the quickest and easiest way to get nail polish out of clothes ?,Fact
Why was the zipper invented ?,Reason
What 's the No. 1 killer in industrialized countries ?,Fact
Name four famous cartoon cats .,Fact
What daughter of Henry VIII and Anne Boleyn became queen of England ?,Fact
How did ` stat ' come to be used as an expression for quickly ?,HowTo
What 's the most common nickname of U.S. college football teams ?,Fact
What 's the distinction of U.S. Supreme Court Justice Thurgood Marshall ?,Definition
What is the most useful site on the Internet ?,Fact
What is the world 's highest peak ?,Fact
What was a Mae West on a World War II battleship ?,Definition
Define cosmology .,Definition
What comedienne upstaged Dwight D. Eisenhower 's first inauguration by giving birth to her first child ?,Fact
What are amicable numbers ?,Definition
When were the Olympic Games in which Nadia Comaneci became popular played ?,Fact
"Where is Hearst Castle , built by publisher William Randolph Hearst ?",Fact
What 's the largest U.S. city on the Great Lakes ?,Fact
Who sang about Desmond and Molly Jones ?,Fact
"What magazine gives us the cream , not the skim ?",Fact
What does the technique called `` cold fusion '' produce ?,Fact
What costume designer decided that Michael Jackson should only wear one glove ?,Fact
"What meter did Shakespeare use in writing : `` To be , or not to be , that is the question.. . '' ?",Fact
How many rows of sprocket holes does a roll of 35-millimeter film have ?,HowTo
What is the goat population of the world ?,Fact
What company was the original sponsor of TV 's Superman ?,Fact
What term does a Czech use to describe a Pole ?,Fact
What sea separates Naples and Algiers ?,Fact
How many lawyers are there in the state of New Jersey ?,HowTo
What are the most common elements in seawater ?,Fact
Describe the Finnish music personality Salonen 's appearance .,Definition
What is the origin of the ethnic category `` caucasian '' ?,Definition
What is a stratocaster ?,Definition
What kind of science is cosmology ?,Fact
Name the blind sculptress in love with the Fantastic Four 's Thing .,Fact
What 's the second-lightest element ?,Fact
What do you call a `` twirl '' in ballet ?,Fact
What is the brand name of daminozide ?,Fact
What is the former name of Zimbabwe ?,Fact
What National Basketball Association superstar told his story in Giant Steps ?,Fact
What animals did The Amazing Three masquerade as ?,Fact
How did the bikini bathing suite get its name ?,HowTo
When did Fraze get his first patent for the pull-tab can ?,Fact
How many games are played in a five-team round-robin tournament ?,HowTo
Who developed the first polio vaccine ?,Fact
Who made the first gas engine ?,Fact
"What country claimed Rubens , Van Dyck and Bruegel as citizens ?",Fact
What civil war was fought between 1936 and 1939 ?,Fact
How many questions do you have on your database ?,HowTo
How do clouds form ?,HowTo
Where can I find examples of legal cases about the Individuals with Disabilities Education Act ?,Fact
What character did Tex Avery first create upon arriving at MGM ?,Fact
When was the Triangle Shirtwaist fire ?,Fact
What Asian spiritual and political leader was married at the age of 13 ?,Fact
Where is Ocho Rios ?,Fact
What is the half-life of P-32 ?,Definition
What ocean does Mauritania border ?,Fact
Why do pressure cookers save time in the kitchen ?,Reason
Why are there 12 people on a jury in criminal cases ?,Reason
What do Christian Scientists believe in ?,Definition
"What World War I battle saw 6 , 0 troops killed in one day ?",Fact
What country is Kosovo a part of ?,Fact
Tell me what city the Kentucky Horse Park is near ?,Fact
What computer operating system is on the most computers ?,Fact
What is Bill Gross 's email address ?,Fact
What is the economic impact of unemployment on the economy ?,Definition
"What do the letters D.C. stand for in Washington , D.C. ?",Definition
What animals can live the longest without food ?,Fact
What English queen had seventeen children ?,Fact
"What is the approximate population of Las Vegas , N.M ?",Fact
How much does the President get paid ?,HowTo
What two baseball players make up the battery ?,Fact
What 's the largest letter in Salvador Dali 's signature ?,Fact
What does an irate car owner call iron oxide ?,Fact
"Of children between the ages of two and eleven , what percentage watch `` The Simpsons '' ?",Fact
What 's the northernmost U.S. state apart from Alaska ?,Fact
Name an art gallery in New York .,Fact
Who sells Viagra ?,Fact
What musical instrument did Prewitt play in James Jones 's From Here to Eternity ?,Fact
What is the Home Rule Act ?,Definition
What building are British monarchs crowned in ?,Fact
What are Bellworts ?,Definition
Who was Darius ?,Fact
What movie told of Anna Anderson 's claim to be a Russian czar 's daughter ?,Fact
Who did Dita Beard work for ?,Fact
What kind of creature is a coot ?,Fact
Name the university of which Woodrow Wilson was president .,Fact
"What country was first to use the airplane as a weapon of war , against the Turks in Libya ?",Fact
What university was Woodrow Wilson President of ?,Fact
What is a fear of disease ?,Fact
What kind of meat is Fray Bentos synonymous with ?,Fact
What did Mr. Magoo flog on TV for General Electric ?,Fact
What are the words to the Canadian National anthem ?,Definition
What is the name of the Jewish alphabet ?,Fact
Who served as inspiration for the schoolteacher portrayed by Robin Williams in `` Dead Poets Society '' ?,Fact
What is Columbia Tristar 's phone number ?,Fact
Name the five positions who are in the line of succession to the presidency .,Fact
Which one of the original seven Mercury program astronauts did not fly on any of the Mercury flights ?,Fact
Who is the best known villain of the 165 Gunpowder Plot ?,Fact
What is the capital of Burkina Faso ?,Fact
What continent is Bolivia on ?,Fact
Why was Muhammad Ali stripped of his title and barred from boxing in 1967 ?,Reason
"Who killed more people , Hitler or Stalin ?",Fact
What caused Shea & Gould to close their L.A. office ?,Definition
What 's the only mammal that can 't jump ?,Fact
What U.S. state has the most blondes ?,Fact
What war saw battles at Parrot 's Beak and Black Virgin ?,Fact
What was the U.S. highway death toll in 1969 ?,Fact
What does the name Kelly mean ?,Definition
What is a phalanx ?,Definition
What mustachioed comedian portrayed Frankie in North to Alaska ?,Fact
What does each of the utilities cost in Monopoly ?,Fact
"What actor and World War II airman had a $5 , 0 bounty put on his head by Hermann Goering ?",Fact
What does e.g. stand for ?,Definition
What is the name of the medical condition in which a baby is born without a brain ?,Fact
How do storms form ?,HowTo
Who is Nicolo Paganini ?,Fact
What city is often called The Insurance Capital of the World ?,Fact
What are the three animals in Sheila Burnford 's The Incredible Journey ?,Fact
Who portrayed Dracula in Hammer Studios ' films ?,Fact
Name one of the Seven Wonders of the Ancient World .,Fact
When were fish first believed to be found on earth ?,Fact
"What President 's favorite Biblical quotation was : `` Come now , and let us reason together '' .",Fact
How many elevators do you ride to reach the top floor of the Empire State Building ?,HowTo
Name the food company that traveled to Soviet Georgia to film a series of ads .,Fact
What country was Sir Edmund Hillary born in ?,Fact
What 's an infant seal called ?,Fact
"What was the proper Laugh-In respones to : `` Say goodnight , Dick '' ?",Definition
What city was John F. Kennedy nominated for president in ?,Fact
How long does a dog sleep ?,HowTo
What 1963 Joseph L. Mankiewicz film cost $28 million ?,Fact
What Japanese electronics company was named for a coastal city northeast of Tokyo ?,Fact
What can you be fined for having a dog on a beach ?,Fact
Where did the Battle of the Bulge take place ?,Fact
How much will the California be in the year 2000 ?,HowTo
"What mystery writer penned `` ...the glory that was Greece , and the grandeur that was Rome '' ?",Fact
What state full of milk and honey was the destination in The Grapes of Wrath ?,Fact
What is the tallest building in Japan ?,Fact
Where is Sinn Fein 's headquarters ?,Fact
Name Li 'l Abner 's favorite Indian drink .,Fact
What are some important events of the 1830 's ?,Fact
The Iraqis launched their attack on Kuwait on what day ?,Fact
What letter adorns the flag of Rwanda ?,Fact
"What did 8 , CD NNS VBP TO VB NNP POS NN .",Fact
What is God ?,Definition
What country 's northernmost city is Darwin ?,Fact
"What sound does Olympia , Washington , overlook ?",Fact
What TV show chronicled the lives of Katy Holstrum and Congressman Glen Morley ?,Fact
What Kentucky city calls itself The Horse Center of America ?,Fact
How many penny-farthings are there on a Trivial Pursuit game board ?,HowTo
What 's the most abundant element in the sun ?,Fact
"What European country boasts the city of Furth , found where the rivers Rednitz and Pegnitz converge ?",Fact
What U.S. state is Dixville Notch in ?,Fact
"Where was the Cisalpine Republic , 1797-185 , ?",Fact
What is the largest shopping mall in the world ?,Fact
What is the protagonist 's name in Dostoevski 's `` The Idiot '' ?,Fact
What penalty space lies between Baltic Avenue and Reading Railroad on a Monopoly board ?,Fact
What presidential press secretary dismissed Watergate as a third-rate burglary attempt ?,Fact
What is a meerkat ?,Definition
Who was Jean Nicolet ?,Fact
What kind of animal was Winnie the Pooh ?,Fact
Which of these are authors ?,Fact
What 's the international radio code word for the letter B ?,Fact
Who was the original Humpty Dumpty ?,Fact
What is cache memory ?,Definition
Aspartame is also known as what ?,Fact
Where is the location of the Orange Bowl ?,Fact
When is President Nixon 's birthday ?,Fact
"What is the origin of the midwest slang , ` you 're darn tootin ' ?",Definition
Whose cupboard was bare ?,Fact
What are the seven seas ?,Fact
What does IBM stand for ?,Definition
What is the difference between jazz and blues ?,Comparison
What is the C programming language ?,Definition
What 's the name of Popeye 's adopted son ?,Fact
Who invented the vacuum cleaner ?,Fact
What is a ` borrow pit ' ?,Definition
What 2th-century fictional character attends Pencey Prep School ?,Fact
How many people in the USA say their number one source of information is the newspaper ?,HowTo
"Who does Shakespeare 's Antonio borrow 3 , 0 ducats from ?",Fact
Which country is known as `` Big Bear '' ?,Fact
"What `` melts in your mouth , not in your hands '' .",Fact
How many times a day should you take a prescription marked `` q.i.d . '' ?,HowTo
What is the origin of the atom ?,Definition
Who is the Voyager project manager ?,Fact
Which radio stations air the Jim Bohannon Radio Talk Show ?,Fact
What two commanders directed the forces in the Battle of El Alamein ?,Fact
Name the creator of `` The Muppets '' .,Fact
How do I e-mail someone at aol.com from yahoo.com ?,HowTo
Who replies `` I know '' to Princess Leia 's confession `` I love you '' in The Empire Strikes Back ?,Fact
What is the meaning of the name Ella ?,Definition
What 's the home of the Rockettes ?,Fact
"Where can I find all the information I need to know about the English Civil War , 1642-1649 , ?",Fact
What is the name of the firm that makes Spumante ?,Fact
What sport is played on the largest field ?,Fact
Who won the 1967 Academy Award for Best Actor ?,Fact
What is after death ?,Fact
Name the first private citizen to fly in space .,Fact
What was football star Elroy Hirsch 's nickname ?,Fact
What singer sings `` Oh Boy '' ?,Fact
How much pizza do Americans eat in a day ?,HowTo
What is the website for the USA journal ?,Fact
What army 's motto is Blood and Fire ?,Fact
What kind of patent did Ermal Fraze get in 1963 ?,Fact
What are you hearing when you put a seashell to your ear ?,Definition
Why are haunted houses popular ?,Reason
Which gender has bigger thighs ?,Fact
What U.S. state has the second-longest coastline ?,Fact
What state 's home to the Buffalo Bill Historical Center ?,Fact
How fast do cheetahs run ?,HowTo
What is Ray Bradbury 's illustrated man illustrated with ?,Fact
How fast is a 45Mhz processor ?,HowTo
"What kind of puzzle first appeared in the U.S. in the New York World on December 21 , 1913 ?",Fact
What count did Alexandre Dumas write about ?,Fact
What are the odds of giving birth to twins ?,Fact
What is the largest natural lake in Pennsylvania ?,Fact
How far is London UK from California ?,HowTo
Name the two mystical ravens Odin has at his command .,Fact
What was the species of Winnie the Pooh ?,Fact
What is the virus HIV ?,Definition
How many years old is Benny Carter ?,HowTo
What Hermann Hesse book gave its name to a rock group ?,Fact
Where does the Santa Fe Trail begin and end ?,Fact
What book is the follow-up to Future Shock ?,Fact
What African animals are known as The Big Five ?,Fact
What is the alphabet for Latin ?,Fact
What is the fear of frogs ?,Fact
Which city in Canada is the least-populated ?,Fact
How old is Stevie Wonder ?,HowTo
Who was the first Taiwanese President ?,Fact
Who is Luke Skywalker 's father ?,Fact
What does a dipsomaniac crave ?,Fact
What is the definition of the term `` weapons system '' ?,Definition
What are Christopher Marlowe 's and Shakespeare 's literary contributions to English literature ?,Definition
What is Nero Wolfe 's favorite drink during office hours ?,Fact
What is the first personal computer company ?,Fact
What is the most efficient way to start a barbeque ?,Fact
Who was Jane Goodall ?,Fact
Why are there Braille things on the ATM machines that people drive through ?,Reason
Where is the Isle of Man ?,Fact
What book did Aaron Hass write ?,Fact
What was the death toll at the eruption of Mount Pinatubo ?,Fact
When will the millennium officially begin ?,Fact
"Who created the comic strip , `` Garfield '' ?",Fact
Which Vietnamese terrorist is now a UN delegate in Doonesbury ?,Fact
What is real time processing ?,Definition
What do we call the imaginary line along the top of the Rocky Mountains ?,Fact
What country 's capital is Lagos ?,Fact
Where does Ray Bradbury 's Chronicles take place ?,Fact
Who is the current prime minister and president of Russia ?,Fact
Who established a Viking colony in Greenland about 985 ?,Fact
What was the distinguishing mark on the `` Little Rascals '' dog ?,Fact
"What is the latitude and longitude of El Paso , Texas ?",Fact
Where can I get information about cystic fibrosis ?,Fact
Where did Honecker rule ?,Fact
What is the theory of equivalence states ?,Definition
What does a philatelist collect ?,Fact
What is the life span of the average monkey ?,Fact
How many member states are in the UN ?,HowTo
Who shot and killed himself while painting Wheatfield with Crows ?,Fact
What will happen when sodium is put in water ?,Definition
What 's the meaning of UOL ?,Definition
What future President became Senate majority whip under Harry Truman ?,Fact
Who was the architect of Central Park ?,Fact
Which operating system runs on IBM-compatible machines ?,Fact
What are the dimensions of an ice hockey goal ?,Fact
When was CNN 's first broadcast ?,Fact
What are the signs of a country going into a recession ?,Fact
What is the circumorbital hematoma ?,Definition
What African country is governed from Ouagadougou ?,Fact
What was the Christian name of the title character in Our Miss Brooks ?,Fact
What hard-of hearing artist painted Sunflowers ?,Fact
Who were the Yankee 's frequent enemies ?,Fact
Who wrote Sons and Lovers ?,Fact
What is the English translation for the word `` caliente '' ?,Fact
What handicraft requires you to interlace your warp and weft ?,Fact
What French seaport claims to be The Home of Wines ?,Fact
How long does it take sunlight to reach Earth ?,HowTo
How many milliseconds in a second ?,HowTo
What Cherokee Indian gave his name to a tree ?,Fact
When were camcorders introduced in Malaysia ?,Fact
What is the chance of conceiving quadruplets ?,Fact
Who was the star of Leave It to Beaver ?,Fact
What countries have the largest armed forces in the world ?,Fact
What was William F. Cody 's better-known name ?,Fact
How do I increase my biceps ' size ?,HowTo
Who did Richard Nixon tender his resignation to ?,Fact
Who was Thucydides ?,Fact
How is the element strontium purified ?,HowTo
Which of the following rock 'n roll stars has a `` star '' on Hollywood Boulevard ?,Fact
What are tonsils for ?,Definition
"What molecules include fluorine , sodium and magnesium ?",Fact
What was the name of the ball game played by the mayans ?,Fact
What was the sequel to The Moon 's Balloon ?,Fact
What is the exchange rate for Australian to American money ?,Fact
What is the origin of the word ` posh ' ?,Definition
How can anyone tell if a female had sexual intercourse ?,HowTo
How many states did Richard Nixon carry in 1972 ?,HowTo
What basketball maneuver did Bert Loomis invent ?,Fact
What is a good book to read for people who hate to read ?,Fact
How many shillings more than 2 were there in a guinea ?,HowTo
What does a tarantula eat ?,Fact
What are the three secondary colors ?,Fact
What does the name `` Sabrina '' mean ?,Definition
Who took over as conductor of the Boston Pops after Arthur Fiedler 's long reign ?,Fact
What were the trials called which followed World War II ?,Fact
What is hebephrenia ?,Definition
What Nazi leader killed himself in jail just before he was to be executed as a war criminal ?,Fact
What famous events have happened on March 27 ?,Fact
Which company claimed to be `` the world 's biggest toy store '' ?,Fact
What brand number graces the black label of a bottle of Jack Daniel 's ?,Fact
What do I call the sons and daughters of my first cousins ?,Fact
What were the causes of the Civil War ?,Definition
What are Maid-Rites ?,Definition
What city is terrorized by Dracula in The Night Stalker ?,Fact
How can you prevent it ?,HowTo
What do the names Andrew and Christina mean ?,Definition
What chocolate bar created by Frank Mars and his wife is often called a Milky Way with peanuts ?,Fact
Who is the fastest guitarist ?,Fact
What do camels store in their humps ?,Fact
What is the name of the second space shuttle ?,Fact
What is the best hospital for orthopedics in the country ?,Fact
What are perfect tenses ?,Definition
What is commonly considered the fifth sense ?,Definition
What was another name for East Germany ?,Fact
What 's the second-biggest-selling magazine in America ?,Fact
Who betrayed Norway to the Nazis ?,Fact
Who took the toys donated for the Doodyville Orphans ' Fund and kept them for himself ?,Fact
What is a bourdon tube ?,Definition
What kind of a sports team is the Wisconsin Badgers ?,Fact
Who were the Picts ?,Fact
"What do Caroll Baker , Tammy Grimes , Debbie Reynolds , and Judy Garland all have in common ?",Definition
What is film noir ?,Definition
Who is stationed at Camp Swampy in the comic strips ?,Fact
In what year did China and the Republic of Korea establish diplomatic relations ?,Fact
What causes tuberculosis ?,Definition
How tall is the giraffe ?,HowTo
What actor dressed up as Santa Claus and had a once-a-year affair with actress Shelley Winters every Christmas for many years ?,Fact
What animal was the heat-seeking missile called the Sidewinder named for ?,Fact
How long did it take Stanley to find Livingstone ?,HowTo
How much of the nation 's children between the ages of two and eleven watch ` The Simpsons ' ?,HowTo
What lake is Sheboygan on ?,Fact
What are a baseball team 's firemen ?,Definition
What is a fear of color ?,Fact
What Nantucket shipwreck killed more divers exploring it than the 52 people it sank with ?,Fact
What are the two largest birds on earth ?,Fact
Name the four stories contained in Edith Wharton 's `` Old New York . '',Fact
What is the largest lake in North America ?,Fact
How many people died because of a smoking problem in 1997 ?,HowTo
What is chronic constipation a symptom of ?,Fact
Who wrote The Look of Love after viewing Ursula Andress ?,Fact
What is the name of the American swimmer who won seven gold medals in the 1972 Olympics ?,Fact
Who claims to have the greatest show on earth ?,Fact
What is Head Start ?,Definition
What Honeymooners actress did Television magazine name as 1953 's most promising star ?,Fact
Why can 't women serve in the Navy on board submarines ?,Reason
What did the Yalta Conference lead to ?,Fact
What dog was dubbed The Mortgage Lifter ?,Fact
What is saltpeter ?,Definition
What 's the difference between J.D. and LL.M. ?,Comparison
What kind of organization is ` Last Chance for Animals ' ?,Fact
What was the role of the Medieval Guild ?,Fact
Silly putty was invented by whom ?,Fact
What should the oven be set at for baking Peachy Oat Muffins ?,Fact
How can someone become a federal agent ?,HowTo
Who invented the paper clip ?,Fact
Whom did Lauren Bacall marry after her husband Humphrey Bogart died ?,Fact
How many times in his 16-year National Basketball Associaton career was John Havlicek a member of the all-star team ?,HowTo
What city or state do the most gay men live in ?,Fact
Shea and Gould had an office in Los Angeles for how long before closing it ?,Fact
"What word occurs 46 , 227 times in the Bible ?",Fact
How can you be happy ?,HowTo
How would someone go about becoming an organ donor ?,HowTo
"What year did Degas create the bronze sculpture , `` Fourth Position Front ? ''",Fact
What composer was awarded the Medal of Honor by Franklin D. Roosevelt ?,Fact
How many URL extensions are there ? and what are they ?,HowTo
How long after intercourse does it take to find out if you are pregnant ?,HowTo
What does U.S.S.R. stand for ?,Definition
"Who created the Fantastic Four , Hulk , and Thor ?",Fact
What is a fear of gravity ?,Fact
Who is the composer of `` Canon in D Major '' ?,Fact
What did n't Rocky Marciano do in his pro boxing career ?,Definition
Where are all European and American eels born ?,Fact
Who was the author of the novel `` Far From the Madding Crowd '' ?,Fact
What is the definition of ` graphic details ' ?,Definition
What was `` America 's recessed-filter cigarette '' ?,Fact
What kind of dog is Scooby Doo ?,Fact
What is the function of the appendix ?,Definition
What department store heir is responsible for raising a three-ton safe from the underwater wreckage of the Andrea Doria ?,Fact
Which sex is twice as likely to contract leprosy ?,Fact
What was the first town to be chartered in Vermont ?,Fact
What state has the longest Great Lakes shoreline ?,Fact
What U.S. state ends with a G ?,Fact
How many varieties of twins are there ?,HowTo
What is a Cartesian Diver ?,Definition
What are the largest libraries in the US ?,Fact
How many people live in the Falklands ?,HowTo
Who was Camp David named for ?,Fact
What document did President Andrew Johnson want a copy of placed under his head upon his burial ?,Fact
Who portrayed `` the man without a face '' in the movie of the same name ?,Fact
What happened in dogtown in 1899 to make that year remembered ?,Definition
What wheel did Blaise Pascal invent in a search for perpetual motion ?,Fact
How much money was the minimum wage in 1991 ?,HowTo
In what year was the first patent for the pull-tab opener on cans obtained ?,Fact
What country boasts the most dams ?,Fact
What is the regular price ?,Fact
What Metropolis landmark was first introduced in the Superman cartoons of the 1940 's ?,Fact
Where can one find Mozambique ?,Fact
How do you recognize anorexia ?,HowTo
What Mary Tyler Moore Show regular came into the world as Tadeus Wladyslaw Konopka ?,Fact
In what city is the US Declaration of Independence located ?,Fact
What is the largest variety of cactus ?,Definition
Who won the first World Series ?,Fact
What did Aaron Hass write ?,Fact
Who is Samuel Pickering ?,Fact
What was the business of the animated Sky Hawks ?,Fact
Who was credited with saying : `` I never met a man I did n't like '' ?,Fact
"What overalls are named for Dungri , a suburb of Bombay ?",Fact
Why do rooftops give off steam after a big rainstorm ?,Reason
What nationality was Jackson Pollock ?,Fact
How much of the earth 's surface is permanently frozen ?,HowTo
What is the connection between New Krypton and Daxam ?,Fact
When was Queen Victoria born ?,Fact
How many people were executed for Abraham Lincoln 's assassination ?,HowTo
What must a Las Vegas blackjack dealer do when he reaches 16 ?,Definition
What is worth seeing in Reims ?,Fact
What type of performer is Ileana Cotrubas ?,Fact
When was Yemen reunified ?,Fact
What line of candy products included Super Skrunch and Peanut Butter Oompas ?,Fact
Why did the Anglican church split from the Vatican ?,Reason
What organization has a Security Council ?,Fact
How would I find the price of different organs that have been donated ?,HowTo
What Mexican leader was shot dead in 1923 ?,Fact
What does NECROSIS mean ?,Definition
What is magnetar ?,Definition
"What feud ended with a marriage in Kentucky on March 21 , 1891 ?",Fact
What color is the stripe along each side of a Coho salmon ?,Fact
What is the federal minimum wage ?,Fact
Mississippi is nicknamed what ?,Fact
What are the unemployment statistics for the years 1965 and 1990 ?,Fact
Where is Santa Lucia ?,Fact
What female painter produced primitives of rural New England life ?,Fact
What are names of two old men who appear in the serial tv Muppets Show ?,Fact
What war saw battles at Parrot 's Beak and Black Virgin ?,Fact
What should you yell to hail a taxi in Madrid ?,Definition
What is the horsepower of the shuttle boosters ?,Fact
What year did Apartheid start ?,Fact
Who created Big Ben ?,Fact
What city is found in the city of OZ ?,Fact
What ever happened to the once popular Yale Lock Company ?,Definition
Name the Marvel team loosely based on DC 's Justice League of America ?,Fact
What did a 16th-century Aztec athlete get for putting a rubber ball through a ring ?,Fact
"What populous state covers 49 , 576 square miles ?",Fact
What college football team did Knute Rockne build into a power ?,Fact
In what state was there an 11 million gallon oil spill ?,Fact
"When did Aldous Huxley write , `` Brave New World '' ?",Fact
What country did the ancient Romans refer to as Hibernia ?,Fact
In what high-risk business venture did Jimmy the Greek bet and lose ?,Fact
What do chefs call The Master Spice ?,Fact
What is the abbreviation of General Motors ?,Definition
What is a Devo hat ?,Definition
How long was the longest hiccup attack ?,HowTo
What kind of weapons were used in Medieval warfare ?,Fact
How many people live in Tokyo ?,HowTo
What fruit-topped actress was known as The Brazilian Bombshell ?,Fact
What are birds descendents of ?,Fact
"When the Tutankhamun exhibit was on display in the U.S. , what moving company transported it ?",Fact
Which Kevin Costner movie involves the Sioux Indians ?,Fact
Who played the title role in My Favorite Martian ?,Fact
How does a scientific calculator work ?,HowTo
What is a fear of fur ?,Fact
Who invented the game Scrabble ?,Fact
What part of their attire were `` pothooks '' to cowboys of the Old West ?,Fact
When did humans first begin to write history seriously ?,Fact
Why do we have to go to school ?,Reason
What is Toulmin logic ?,Definition
A corgi is a kind of what ?,Fact
What city in the U.S. experienced the most growth recently ?,Fact
What is a dangling participle ?,Definition
What Tokyo street glitters with famed department stores and nightclubs ?,Fact
What was the average life expectancy during the Stone Age ?,Fact
"When Mighty Mouse was conceived , what was his original name ?",Fact
What is the origin of the peace symbol ?,Definition
What group starred in the movie Rock Around the Clock ?,Fact
How many U.S. presidents were assassinated during Queen Victoria 's reign ?,HowTo
When was the first flush toilet invented ?,Fact
What is Nathan Hamill 's role in the new Star Wars prequel ?,Fact
How many disks does each player have in a four-handed game of Crokinole ?,HowTo
How old is the sun ?,HowTo
What percentage of children between the ages of two and eleven watch ` The Simpsons ' ?,Fact
"How can I find a list of , fax and or email , addresses for human resource departments in Massachusetts ?",HowTo
How do I write to my Congressman ?,HowTo
How many years ago did Led Zeppelin release its last album ?,HowTo
What is the term for a group of geese ?,Fact
How many people was Randy Craft convicted of killing ?,HowTo
What was the name of the famous battle between Texas and Mexico ?,Fact
What country are you in if you woo in the Wu dialect ?,Fact
What do you call a Poker hand with five cards of the same suit ?,Fact
What New York Yankee was known as The Iron Horse ?,Fact
Who is considered The First Lady of the American Stage ?,Fact
Who penned : `` Neither a borrower nor a lender be '' ?,Fact
What is moxie ?,Definition
What was the first Sam Spade novel ?,Fact
What song did Patti Page set people dancing to in 1950 ?,Fact
Who headed Hitler 's infamous Gestapo ?,Fact
What South American city features the exclusive Copacabana Beach and Ipanema ?,Fact
What German city do Italians call The Monaco of Bavaria ?,Fact
"What island group contains Jersey , Guernsey , Sark and Herm ?",Fact
What is a fear of strong light ?,Fact
What is a person called that likes fire ?,Fact
"Where was helium first discovered , hence its name ?",Fact
What is the best way to overcome a fear ?,Fact
Name a South African diamond producer ?,Fact
Who made the musical plea Be True to Your School ?,Fact
What French designer declared : `` The jean is the destructor ! It is a dictator ! It is destroying creativity. The jean must be stopped ! '' ?,Fact
What season is the setting for Shakespeare 's Midsummer Night 's Dream ?,Fact
Name a band which was famous in the 1960 's .,Fact
What comedian was banned from the Ed Sullivan Show for allegedly making an obscene gesture at the show 's host ?,Fact
What country is the setting for Edgar Allan Poe 's The Pit and the Pendulum ?,Fact
What Apollo 11 astronaut minded the store while Armstrong and Aldrin made history ?,Fact
What is the current ticket fare from from Cairo to Barbados ?,Fact
What is the second highest mountain peak in the world ?,Fact
What Good Little Witch is Casper 's girlfriend ?,Fact
In which Tennessee Williams play is one of the characters killed and devoured by a mob of starving children ?,Fact
"What was the nickname of Frederick I , Holy Roman Emperor and King of Germany ?",Fact
What war did the Potsdam Conference follow ?,Fact
What 's the most common non-contagious disease in the world ?,Fact
"What month , date , and year did Charles I die ?",Fact
How many cubic feet of space does a gallon of water occupy ?,HowTo
What is the hair style called that new military recruits receive ?,Definition
What 's the world 's largest cathedral ?,Fact
What effects do nitrates have on the environment ?,Definition
What is Nitrox diving ?,Definition
What three European countries begin with the letter A ?,Fact
What happened in the Long March ?,Definition
What was the name of Hitler 's unsuccessful attempt to overthrow the Bavarian government in Munich in 1923 ?,Fact
How can I find online spelling ?,HowTo
How many earthworms are in a single pasture ?,HowTo
Who made Stonehenge ?,Fact
What is the average hourly rate of American workers ?,Fact
What sport features snatches and clean jerks ?,Fact
Who 's the founder and editor of The National Review ?,Fact
In what year did they build the Berlin Wall ?,Fact
Who was the first governor of West Virginia ?,Fact
What 's the world 's longest suspension bridge ?,Fact
What Asian city boasts the world 's biggest bowling alley ?,Fact
When will Jean Aeul publish her next book ?,Fact
"What famous soldier was born in Europe , died in Asia , and was laid to rest in Africa ?",Fact
"When it 's time to relax , what one beer stands clear ?",Fact
What culture developed the idea of potlatch ?,Fact
What baseball team became the Minnesota Twins ?,Fact
What kind of guitar did Jimi Hendrix play ?,Fact
What were the first three cities to have a population of more than a million ?,Fact
What constellation contains the twins Castor and Pollux ?,Fact
How many meters are in a mile ?,HowTo
What is a gas release event ?,Definition
What James Michener book is subtitled Spanish Travels and Reflections ?,Fact
What famed London criminal court was once a feudal castle ?,Fact
How many milligrams are in a gram ?,HowTo
What stringed weapon fires a bolt ?,Fact
Where did he get the title ?,Fact
Where can I find a large list of 5 to 6 letter words ?,Fact
What is Michael Jackson 's middle name ?,Fact
Who was the first woman to fly solo across the Atlantic ?,Fact
How long is human gestation ?,HowTo
What does `` Semper Fidelis '' mean ?,Definition
What kind of suit did true hepcats wear in 1942 ?,Fact
Where does Mother Angelica live ?,Fact
How can I find out my Moon sign ?,HowTo
Why does a candle need a wick ?,Reason
Musician Ray Charles plays what instrument ?,Fact
What were the three prophecies the witches make to Macbeth ?,Definition
What 's the population of Mississippi ?,Fact
Who started the Dominos Pizza chain ?,Fact
In what film did Steven Spielberg 's dog star as the main character 's dog ?,Fact
What are all the different kinds of contraceptives ?,Fact
How old is Jeremy Piven ?,HowTo
What is the history of yo-yos ?,Definition
Which NBA players had jersey number 0 ?,Fact
What chocolate company gives you a one-pound kiss ?,Fact
How does one correctly pronounce ` qigong ' ?,HowTo
What fossilizes to form coprolite ?,Fact
How many colored squares are there on a Rubik 's Cube ?,HowTo
Where is the Mayo Clinic ?,Fact
What Caribbean island is sometimes called Little England ?,Fact
Where is Amsterdam ?,Fact
Where can I find the lyrics for the song ` Getting Married Today ' from the musical ` Company ' ?,Fact
What 's another word that means `` knows all '' ?,Fact
"Who is the famous movie star who also acted as sewer commissioner of Provo Canyon , Utah ?",Fact
What Australian city became the home of the America 's Cup ?,Fact
Aspartame is known by what other name ?,Fact
What is pasta ?,Definition
Name Randy Craft 's lawyer .,Fact
What color is `` ash '' ?,Fact
What is the best distance education university or college ?,Fact
What river does the Grand Coulee Dam dam ?,Fact
How often are quadruplets born ?,HowTo
How does psorisis disappear ?,HowTo
How many presidents have died on the 4th of July ?,HowTo
What three colors are on the French flag ?,Fact
What 's the mystery of the Bermuda Triangle ?,Definition
What are the seven wonders of the world ?,Fact
What does CNN stand for ?,Definition
What is a person called that likes fire ?,Fact
Who portrayed Vincent Van Gogh in Lust for Life ?,Fact
What constitutes an adult ?,Fact
What is a reliable site that I can download Heretic 2 ?,Fact
What is a neurosurgeon ?,Definition
"What baseball outcome required nine balls in 1879 , eight balls in 1880 and seven balls in 1881 ?",Fact
What are amaretto biscuits ?,Definition
What common ailment can 't you catch at the North Pole ?,Fact
What season begins with the vernal equinox ?,Fact
Who was known as the Time Master in comic books ?,Fact
What was the name of Roy Rogers 's dog ?,Fact
What TV series changed the names to protect the innocent ?,Fact
Where did cable cars first roll down Clay Street in 1873 ?,Fact
What is George Lucas 's e-mail address ?,Fact
How do I give a good massage ?,HowTo
Who is the father of the computer ?,Fact
What is the origin of `` jiggy '' as in getting jiggy with it ?,Definition
What is the origin of a.m. and p.m. ?,Definition
What is the definition of cosmology ?,Definition
What is the name of the dog on the Cracker Jack box ?,Fact
What are manifest and latent function theories ?,Definition
What William Styron book is about a black preacher who leads a slave revolt ?,Fact
What is the chemical symbol for nitrogen ?,Fact
Who said : `` Old soldiers never die ; they just fade away '' ?,Fact
What National League baseball team employed 72 third baseemen in its first 2 seasons ?,Fact
What are snowballs to a hot-rodder ?,Definition
How long were Tyrannosaurus Rex 's teeth ?,HowTo
What is the origin of the word Ozymandias ?,Definition
Who 's the only man to have won the Olympic decathlon twice ?,Fact
What Kenyan city is the safari center for East Africa ?,Fact
Why do men snore ?,Reason
What causes `` rolling thunder '' ?,Definition
What is the name of Miss India 1994 ?,Fact
What four U.S. states have active volcanoes ?,Fact
What 's the setting of John Le Carre 's A Small Town in Germany ?,Definition
What does an echidna look like ?,Definition
What is the secret of the universe ?,Definition
Who was the second man to walk on the moon ?,Fact
What major Victorian novelist spent as much time working for the post office as he did writing ?,Fact
What caused an adjournment of the 25th anniversary session of the United Nations General Assembly ?,Definition
The major league baseball team in Pittsburgh is called what ?,Fact
What is the name of the Islamic counterpart to the Red Cross ?,Fact
What year were the Olympic Games played in where Nadia Comaneci became popular ?,Fact
What is glass made of ?,Fact
How did Lee Harvey Oswald purchase his rifle ?,HowTo
How do I sing like Elvis Presley ?,HowTo
What are the biggest Indian airports ?,Fact
What is the folklore story regarding birds ' nests and birds in Christmas trees ?,Fact
"What are the world 's three largest oceans , in order of size ?",Fact
Who is the Pope ?,Fact
Where on the Internet can I find information on laundry detergent ?,Fact
What do the French call La Manche ?,Fact
What 's an easy way to count the approximate number of fish in a lake ?,Fact
How do you clean up a cache ?,HowTo
What was the name of Aristotle Onassis 's yacht ?,Fact
What is a fear of being dirty ?,Fact
What animal occurs in Spielberg 's `` Jaws '' ?,Fact
What 's the Red Planet ?,Definition
The Shea & Gould law firm had an office in L.A. for how many years ?,Fact
What 's the most common surname in America ?,Fact
How long does it take the typical American to eat 23 quarts of ice cream ?,HowTo
What is the difference between a fruit and a vegetable ?,Comparison
What kind of tree graces Lebanon 's flag ?,Fact
What is tumbled marble ?,Definition
What are the various ways in which one can measure IT User Satisfaction Level ?,Fact
What city is sometimes called The Athens of Switzerland ?,Fact
Where did bocci originate ?,Fact
How does light travel through the void of space if there is no medium for it to ` wave ' or ` pulse ' .,HowTo
What are the Valdez Principles ?,Definition
How can I easily remove red wine stains from t-shirts ?,HowTo
How do you write MLA style bibliographies for an Internet source ?,HowTo
Who is Imam Hussain Ben Ali whom Shia people believe in ?,Fact
What is the origin of the word assassinate ?,Definition
"Where can I find information about Bob Barr , representative from Georgia ?",Fact
What is the frequency of VHF ?,Fact
What are the Arabic Numerals from 1 to 10 ?,Definition
What does the policeman become in the Canadian edition of Monopoly ?,Fact
How many electoral votes does it take to win presidency ?,HowTo
What is digitalis ?,Definition
What kind of flowers does detective Nero Wolfe raise ?,Fact
What was paper made of in the late 16th century ?,Fact
Who was William Henry Harrison ?,Fact
What was the outcome of the 1945 Yalta Conference ?,Definition
What is `` flintknapping '' ?,Definition
What 's the most popular contact lens color ?,Fact
What were the cities of Dickens 's A Tale of Two Cities ?,Fact
What causes canker sores in the mouth ?,Definition
In what year was the movie the Ten Commandments released ?,Fact
What is the fastest fish in the world ?,Fact
What color are the castellated walls of the Kremlin ?,Fact
What is celebrated during the week of February 21-27 ?,Fact
What is damage to business and government caused by bureaucracy ?,Fact
What countries have the best math students ?,Fact
When was the De Beers company founded ?,Fact
What was a California prayer book to an Old West gambler ?,Fact
Who was the first black performer to have his own network TV show ?,Fact
What 's another name for aspartame ?,Fact
What did John F. Kennedy consider his greatest blunder in office ?,Definition
What 's the abbreviation for trinitrotoluene ?,Definition
"What creature is the absolute fastest in moving in the world , birds , mammals , etc. , ?",Fact
What is the date of Bastille Day ?,Fact
What is IOC an abbreviation of ?,Definition
What 's the proud claim to fame of the young women who formed Kappa Alpha Theta ?,Definition
Which two products use a tiger as their symbol ?,Fact
"Where did Freidreich Wilhelm Ludwig Leichhardt , Prussian born explorer , go to school ?",Fact
What color eyes are most sensitive to light ?,Fact
How much folic acid should an expectant mother get daily ?,HowTo
What company uses the unfamiliar faces of its celebrity spokespeople to promote the use of its product ?,Fact
What disease does Katharine Hepburn have that makes her voice shake ?,Fact
"What did FCC chairman Newton Minow declare TV to be on May 9 , 1961 ?",Definition
How much caffeine is in a 16 oz cup of coffee ?,HowTo
What is the name of the art of growing miniature trees ?,Fact
What two countries in South America are landlocked ?,Fact
What does Tiffany mean ?,Definition
Why do magnets attract ?,Reason
How do you address a Chinese person ?,HowTo
What is the meaning of thalassemia ?,Definition
What is Columbia Tristar 's phone number ?,Fact
How do I impress a guy ?,HowTo
What does the method called `` cold fusion '' create ?,Fact
When did Princess Diana and Prince Charles get married ?,Fact
What determines the value of the pearl ?,Fact
Which country did Hitler rule ?,Fact
"What was the name of the American ship sunk by a mine in Havana harbor , causing the Spanish-American war ?",Fact
Who directed The Wild Bunch ?,Fact
What are emblazoned on the Jolly Roger ?,Fact
The Orange Bowl is in what city ?,Fact
What are the alveoli ?,Definition
What comedian was born Allen Stewart Konigsberg ?,Fact
How many Leos have been Pope ?,HowTo
What state was Herbert Hoover born in ?,Fact
"What TV series featured Neal , a martini-drinking St. Bernard ?",Fact
What developed a crack in 1835 while tolling the death of U.S. Chief Justice John Marshall ?,Fact
How many fiddlers did Old King Cole have ?,HowTo
"What poet wrote : `` ... I have promises to keep , and miles to go before I sleep '' ?",Fact
What is ethylene ?,Definition
What Irwin Allen bomb has Richard Widmark saying he 'll be `` the first officer in history to get his butt kicked by a mess of bugs ! '' ?,Fact
What is a fear of clouds ?,Fact
What is the music used in the new VW Beetle commercial where the car spins and changes colors ?,Fact
What is a fear of pregnancy ?,Fact
What is the population in India ?,Fact
What is the origin of the word `` pallbearer ? '',Definition
How long do flies live ?,HowTo
Why is Microsoft 's Windows 3 software so successful ?,Reason
Who runs Andy Capp 's favorite pub ?,Fact
What state produces the best lobster to eat ?,Fact
How many times a day does the typical person go to the bathroom ?,HowTo
What bowl game began as an East-West contest between Michigan and Stanford in 192 ?,Fact
"What islands got their name from the Spanish baja mar , meaning shallow water ?",Fact
"What is deadrise , nautical , ?",Definition
What 's the official language of Algeria ?,Fact
What took first prize in Omni magazine 's contest to find the `` ultimate unanswerable question '' ?,Fact
What six words follow the line : `` From a jack to a king.. . '' ?,Fact
How do I find a city if I have the area code ?,HowTo
What author of the Days of Our Lives Cookbook signed on in 198 as Liz Chandler in TV 's Days of Our Lives ?,Fact
What foods contain the most protein ?,Fact
What President was assassinated by Charles J. Guiteau ?,Fact
What comic of TV 's golden age went by the motto `` Anything for a laugh '' ?,Fact
How many feet long is a baseball pitcher 's rubber ?,HowTo
What was the nationality of Jackson Pollock ?,Fact
Who invented the game bowling ?,Fact
What are the snakes of New England ?,Fact
How many times larger than life size is the Statue of Liberty ?,HowTo
What is the name of the country which Hitler ruled ?,Fact
What group kidnaped Patricia Hearst ?,Fact
How long does a human live ?,HowTo
Where can I get U.S. economic statistics ?,Fact
How many Superbowls have the ers won ?,HowTo
What do you do when your mouse is n't working as fast as it 's supposed to ?,Definition
What is a gandy dancer ?,Definition
Who is the creator of `` The Muppets '' ?,Fact
Which of the following celebrities started his show-biz career as a disc jockey ?,Fact
What Triple Crown-winning horse took the 1973 Belmont Stakes by 31 lengths ?,Fact
What 's a perfect score in a gymnastics exercise ?,Fact
What is the dot on an the letter i called ?,Fact
What 's the capital of Iowa ?,Fact
Who asked you to do the Loco-Motion with her in 1962 ?,Fact
What 's the rathaus in Frankfurt ?,Definition
"What President served for five years , six months and 2 days ?",Fact
What do you call the feeling of having experienced something before ?,Fact
What incident caused the canning of a summit conference between Eisenhower and Khrushchev ?,Definition
What is the abbreviated form of the National Bureau of Investigation ?,Definition
"What is a fear of odors , body , ?",Fact
What is the formula to calculate pi ?,Fact
What is the difference between a bachelor and a 1 bedroom apartment ?,Comparison
What is Drew Barrymore 's middle name ?,Fact
How do you write a book report ?,HowTo
"What are Cobol , Fortran , and Pascal ?",Definition
What is Supergirl 's secret identity ?,Fact
"What is the US Federal Government website for Standard Industrial Classification codes , SIC , ?",Fact
What court does Bob Woodward describe in The Brethren ?,Fact
Who made the first surfboard ?,Fact
What is the name of the police officer who tried to keep order in Top Cat 's neighborhood ?,Fact
On what date did Rosa Parks Become a symbol of the civil rights movement for refusing to give up her seat on the bus ?,Fact
What are the highest-paying odds on a roulette table ?,Fact
In what year did the US Marine Corps adopt the motto `` Semper Fidelis '' ?,Fact
How many films did Ingmar Bergman make ?,HowTo
What does a deltiologist collect ?,Fact
What is Garry Kasparov famous for ?,Definition
What does the `` c '' stand for in the equation E=mc2 ?,Definition
Who is the Greek God of the Sea ?,Fact
What well-known music personality is the father of an adopted son named Hans Christian Henderson ?,Fact
How do you measure the heat of the sun ?,HowTo
Why do some people have two different color eyes ?,Reason
Which leg does a cat move with its left front leg when walking - its left rear or right rear leg ?,Fact
When was the first Barbie produced ?,Fact
What 's the hardest substance in the human body ?,Fact
Who was the first woman governor of Wyoming ?,Fact
How many more weeks of winter are there if a ground hog sees his shadow ?,HowTo
What Green Bay Packers coach philosophized : `` There 's nothing that stokes the fire like hate '' ?,Fact
How do birds find their way back to the same place every year ?,HowTo
Where is the Henry Ford Museum ?,Fact
Name a film that has won the Golden Bear in the Berlin Film Festival ?,Fact
What 's the International Lawn Tennis Challenge Trophy usually called ?,Fact
What year did nylon stockings first go on sale ?,Fact
What is a research expedition in mountain climbing ?,Fact
On which flight did Fawaz Younis commit air piracy and hostage taking ?,Fact
What are the 10 largest cities in the US ?,Fact
What is a wart ?,Definition
What is spaceball played on ?,Definition
How does rabies spread ?,HowTo
What famous comedian recently tried without success to revive the play ?,Fact
What is Drew Barrymore 's email address ?,Fact
How can you tell if someone is lying ?,HowTo
What is the difference between a preface and a foreword ?,Comparison
What are fingernails made of ?,Fact
What nationality were the 123 people who died in the Black Hole of Calcutta ?,Fact
What does storm wave mean in Japanese ?,Definition
Why do they sterilize the needle for lethal injection ?,Reason
What TV family sometimes buys eclairs from Nelson 's Bakery ?,Fact
How can you get rust stains out of clothing ?,HowTo
How does a small businessman contact the Good Humor Ice Cream company to do business with them ?,HowTo
What enigmatic U.S. vice president was once tried and acquitted for treason in a plot to set up his own independent empire in the West ?,Fact
Who was Charles Lindbergh 's wife ?,Fact
Who sings Angel Eyes from the 80 's ?,Fact
When did the Jurassic Period end ?,Fact
What is the one thing you need before you can purchase life insurance ?,Fact
What caused the Titanic to sink ?,Definition
What is the chemiosmotic theory ?,Definition
What information can you tell me about actor James Cromwell ?,Fact
How does an ion drive work ?,HowTo
How can I trace my family roots ?,HowTo
What was the date of Iraq 's invasion of Kuwait ?,Fact
What is another word for diet ?,Fact
What is a courier ?,Definition
What Sinatra hit did he dooby dooby do in ?,Fact
How do you get a girl to have sex with you ?,HowTo
What award is the `` Oscar '' of advertising ?,Fact
What is the name of the planet that the Ewoks live on ?,Fact
What ice creams contain seaweed ?,Fact
What dumb-but-loveable character did Maurice Gosfield play on The Phil Silvers Show ?,Fact
What is a `` USB '' port on a computer ?,Definition
What term means a sexual attraction between a male and a female ?,Fact
What was called the world 's largest department store ?,Fact
What sea surrounds the Cayman Islands ?,Fact
How many different vegetation zones are there ?,HowTo
What does LOL mean ?,Definition
What ocean was Amelia Earhart flying over when she disappeared ?,Fact
What book does Holden Caulfield appear in ?,Fact
What happens when lightning strikes a body of water ?,Definition
What was the nickname of German flying ace Manfred von Richthofen ?,Fact
What does e=mc2 mean ?,Definition
What country other than Germany invaded Poland in September 1939 ?,Fact
How do I contact answers.com ?,HowTo
What are the names of the different toes ?,Fact
What are different products of petroleum ?,Fact
What causes asthma ?,Definition
When was the Bill of Rights ratified ?,Fact
"What do the number 1 , 2 , and 4 mean on Dr. Pepper bottles ?",Definition
What is the largest U.S. state east of the Mississippi ?,Fact
How can I find out how much it costs to raise a baby for six months ?,HowTo
"What 's the population of Biloxi , Mississippi ?",Fact
What vowel do all Esperanto nouns end in ?,Fact
What is a heuristic ?,Definition
What California desert is dubbed High Desert ?,Fact
"In the Miller Lite TV commercial , who is the creature ?",Fact
Who wrote ` Hamlet ' ?,Fact
How did the jack-o '-lantern get it 's name ?,HowTo
Why can 't ostriches fly ?,Reason
Where do the Blackhawks maintain their operations ?,Fact
Why are the rooftops in Canada green ?,Reason
What African country was founded by freed American slaves in 1847 ?,Fact
What year did the first issue of `` Playboy '' come out ?,Fact
The Orange Bowl is located in what city ?,Fact
What is a fear of motion ?,Fact
What pseudonym did William Sydney Porter use in writing The Gift of the Magi ?,Fact
What is a fear of glass ?,Fact
"In Waugh 's `` A Handful of Dust , '' what does the mad old man force the hero to do every afternoon ?",Definition
What is the last name of Lucy and Linus from the Peanut 's comic strip ?,Fact
What cheery fellow got the ZIP code 9971 from the U.S. Postal Service in 1963 ?,Fact
How many layers does a bottle of Yoo-Hoo settle into ?,HowTo
Name Pittsburgh 's baseball team .,Fact
What 's the nearest star to Earth ?,Fact
Where is Inoco based ?,Fact
What does El Nino mean in spanish ?,Fact
What does Choo Choo Charlie say ?,Definition
How do I register a trade name in North Carolina ?,HowTo
What was the number of assassinations and attempts to assassinate in the U.S. since 1865 ?,Fact
How many stations do you shoot from in the basketball game `` Around the World '' ?,HowTo
What is a Jake brake ?,Definition
What sign is the best love match for a horoscope sign ?,Fact
Who was the Russian ambassador to Hungary during the 1956 uprising ?,Fact
Who holds the NFL record for most touchdowns in a season ?,Fact
What cards are bullets ?,Fact
What is the average age a horse lives ?,Fact
"What planet would you visit to see Bebrenia , Arcadia , and Amazonis ?",Fact
Which language has the most words ?,Fact
Where is Natick ?,Fact
What J.R.R. Tolkien book features Gimli as a central character ?,Fact
What brand of white rum is still made in Cuba ?,Fact
Who is Shirley MacLaine ?,Fact
What business exports the sparkling wine Spumante ?,Fact
What is a fear of water ?,Fact
What does the number 33 on the Rolling Rock beer bottle mean ?,Definition
What is the origin of the city `` Corpus Christi '' ?,Definition
Who wrote ` The Pines of Rome ' ?,Fact
Where is the Valley of the Kings ?,Fact
What was the first U.S.-based team in the NHL ?,Fact
Where did the sport of caber-tossing originate ?,Fact
"Who played for the Chicago Bears , Houston Oilers and Oakland Raiders in a 26-year pro football career ?",Fact
Where are the Union Stockyards ?,Fact
Where does the weird shape of the dinner fish knife originate from ?,Fact
How many children does Ray Davies of the Kinks have ?,HowTo
How many years did Shea & Gould practice law in Los Angeles ?,HowTo
What did Walter Huston remove to perform in the movie The Treasure of the Sierra Madre ?,Fact
How much salt is in the oceans ?,HowTo
Who leads the star ship Enterprise in Star Trek ?,Fact
What animals acted as lapwarmers for American colonists in church ?,Fact
Who won World War II ?,Fact
Where does `` bovine '' come from ?,Fact
Where does the U.S. get most of its energy ?,Fact
"What country , after Canada and Mexico , is closest to the U.S. ?",Fact
What is the weakest bone in the body ?,Fact
What is dew point ?,Definition
Who was Garrett Morgan married to ?,Fact
What was the name of Darth Vader 's son ?,Fact
How many stars are there in Big Dipper ?,HowTo
How do you become a dentist ?,HowTo
Who is Ishmael in Moby Dick ?,Fact
How many wings does a flea have ?,HowTo
What country has been called The Queen of the Antilles ?,Fact
Where can I find a website that gives comparisons of good prices ?,Fact
What is the population of Mozambique ?,Fact
What is multimedia ?,Definition
What state has the most Indians ?,Fact
What is the difference between terry cloth and French terry ?,Comparison
How long is Camptown Racetrack ?,HowTo
Name the two blob members of the animated Herculoids .,Fact
Where did Luther display his `` Ninety-Five Theses '' ?,Fact
What are `` inkhorn terms '' ?,Definition
What is the difference between pop music and rock and roll ?,Comparison
What river is Pocahontas buried along ?,Fact
What does hazmat stand for ?,Definition
What is `` bloodhound '' ?,Definition
"How many miles is it from London , England to Plymouth , England ?",HowTo
What was Paul Bunyan 's ox 's name ?,Fact
What trophy is awarded to the winners of the Super Bowl ?,Fact
Where is Dartmouth College ?,Fact
What well-known TV talk show host was a lay preacher by the time he was seventeen ?,Fact
What are the environmental influences on plant genetics ?,Definition
What one of the Backstreet Boys are single ?,Fact
How many people was Randy Craft convicted of murdering ?,HowTo
"What river flows through Vienna , Budapest and Belgrade ?",Fact
What Civil War general wreaked havoc on the south by marching through Georgia on his way to the sea ?,Fact
Who was the conservationist who served as spokesperson for Post Grape Nuts ?,Fact
What is carpal tunnel syndrome ?,Definition
What does IOC stand for ?,Definition
Which area produces the least acidic coffee ?,Fact
Why is it called `` hamburger '' if there is no ham in it ?,Reason
What is the trademark of a Washington Redskin 's fan ?,Fact
Why does cotton get caught in belly buttons ?,Reason
What suburban housewife and mother of three wrote The Feminine Mystique ?,Fact
How does a glacier form ?,HowTo
On which date is the Ukrainians ' Christmas ?,Fact
What is the largest city in the world ?,Fact
What famed tennis tournament 's men 's singles title was Fred Perry the last Englishman to win ?,Fact
Who was Whitcomb Judson ?,Fact
What is the average weight for a man ?,Fact
What are Britain 's two longest rivers ?,Fact
"What country covers 8 , 600 , 387 square miles ?",Fact
What fuel do airplanes use ?,Fact
Name a canine cartoon character other than Huckleberry Hound to have a voice by Daws Butler .,Fact
What does palindromic mean ?,Definition
What baseball expression came from the nautical term for ships sailing between the Atlantic and Pacific before the Panama Canal ?,Definition
In which state are the Mark Twain National Forests ?,Fact
What is the oldest ethnological museum in the world ?,Fact
How does Belle describe her life in Beauty and the Beast ?,HowTo
What color flies closest to the staff on Belgium 's flag ?,Fact
"What is the smallest thing seen under the most powerful microscope , and how big is it ?",Fact
Which ear can most people hear better with ?,Fact
Where have the most dinosaur remains been found ?,Fact
What letter appears on the cold-water tap in Spain ?,Fact
How do you say `` Grandma '' in Irish ?,HowTo
Who shoplifts ?,Fact
What is a camel hair brush actually made out of ?,Fact
What is the Socratic method ?,Definition
What island has a park called The Battery at is southern tip ?,Fact
What is hypertext ?,Definition
How much is Clara Peller being paid by Wendy 's to say `` Where 's the beef '' ?,HowTo
What do I need to learn to design web pages ?,Definition
What was the date of CNN 's first broadcast ?,Fact
Shea and Gould closed their Los Angeles office for what reason ?,Definition
What Peter Blatty novel recounts the horrors of Regan MacNeil 's possession by the devil ?,Fact
"What is the all-time stock high of Apple Computer , and where can I find this information ?",Fact
Why are lions called `` King of the Jungle '' ?,Reason
What non-alcoholic syrup is made from pomegranate juice ?,Fact
What meter was invented by C.C. Magee in 1935 ?,Fact
When was Calypso music invented ?,Fact
What Caribbean island is northeast of Trinidad ?,Fact
"What Michelangelo sculpture is in Saint Peter 's Cathedral , Basilica , ?",Fact
What 's the difference and advantages of selecting a Super VHS VCR over plain VHS model ?,Comparison
How old is Bernadette Peters ?,HowTo
Where can I find book reviews of `` Turbulent Souls '' ?,Fact
What is Dick Clark 's birthday ?,Fact
What is the name for clouds that produce rain ?,Fact
When did Hitler come to power in Germany ?,Fact
When did Gothic art and architecture flourish ?,Fact
Which two inventors invented Post-its ?,Fact
What day of the week was July 13 ?,Fact
Whose image is alleged to be on The Shroud of Turin ?,Fact
What does Salk vaccine prevent ?,Fact
What U.S. general was court-martialled for criticizing American air power ?,Fact
What is a fear of insanity ?,Fact
How do you convert foot-pounds to foot-inches ?,HowTo
Who said : `` The victor will never be asked if he told the truth '' ?,Fact
Approximately how many students are enrolled at the University of Massachusetts ?,Fact
What do West Indian steel bands use as instruments ?,Fact
Why did David Koresh ask the FBI for a word processor ?,Reason
What is the fastest growing state in the U.S.A. in 1998 ?,Fact
How many American soldiers have died for their country to date ?,HowTo
What was the name of the U.S. 's first manned space program ?,Fact
Who is Langston Hughes ?,Fact
What were the achievements of Richard Nixon ?,Fact
Where does the opera singer Ileana Cotrubas come from ?,Fact
How do you do a bibliography with an unknown author ?,HowTo
Saddam Hussein was compared to whom by President Bush ?,Comparison
What year was the NAACP founded ?,Fact
In what year did Thatcher gain power ?,Fact
"Who wrote the book , `` The Grinch Who Stole Christmas '' ?",Fact
Where can I learn about Samuel Gompers ?,Fact
What jockey won 17 Triple Crown races ?,Fact
What U.S. state 's biggest lake is Lake Sam Rayburn ?,Fact
What is Greek pita ?,Definition
What do peacocks mate with ?,Fact
Who seized power from Milton Obote in 1971 ?,Fact
What state is Niagara Falls located in ?,Fact
How hot does the inside of an active volcano get ?,HowTo
What tools do you use to crewel ?,Fact
What is narcolepsy ?,Definition
What is the name of the American literary era that includes 1896 ?,Fact
What 's the term for an organism that lives on or in another ?,Fact
Where is the Orange Bowl ?,Fact
What Scandinavian capital is built on nine bridge-connected islands ?,Fact
What well-known actor is the father of star Alan Alda ?,Fact
Where is the Smithsonian Institute located ?,Fact
What does the name ` Alexandra ' mean ?,Definition
What is the size of Argentina ?,Fact
What would you add to the clay mixture to produce bone china ?,Fact
What is leukemia ?,Definition
"What Stephen Sondheim ballad ends : `` Well , maybe next year.. . '' ?",Fact
How does the tail affect the flight of a kite ?,HowTo
What date is Richard Nixon 's birthday ?,Fact
What film canine is buried in Pere-Lachaise cemetery in Paris ?,Fact
What little boy and dog live in a shoe ?,Fact
What percent of world 's fresh water is found in Canada ?,Fact
CNN 's first broadcast occurred on what date ?,Fact
Why are the U.S. presidential elections held in November ?,Reason
How many grooves are on a dime ?,HowTo
What was Marilyn Monroe 's real name ?,Fact
What number of American soldiers remain unaccounted from the Vietnam war ?,Fact
What is the acronym for the National Bureau of Investigation ?,Definition
How does marijuana lead to other drugs ?,HowTo
What father and son won the Medal of Honor ?,Fact
How many consecutive baseball games did Lou Gehrig play ?,HowTo
Which high schools are included in the South Florida Ice Hockey league ?,Fact
How many different types of skunks are there ?,HowTo
Who is the Prophet of Medina ?,Fact
What is the name of a Salt Lake City newspaper ?,Fact
What year did Spielberg make `` Jaws '' ?,Fact
What 's the meaning of the zoological term ruminant ?,Definition
What is the name of the woman who was with John Belushi when he died ?,Fact
What is hyperopia ?,Definition
What color Poker chip is usually assigned the lowest value ?,Fact
What do most tourists visit in Reims ?,Fact
Which produces the longer sperm - an elephant or a mouse ?,Fact
In what book can I find the story of Aladdin ?,Fact
What United States city produces the most oil ?,Fact
How do you pronounce `` Tzimisce '' ?,HowTo
What 's the name of the Tokyo Stock Exchange ?,Fact
What 's the percentage of children aged two through eleven who watch ` 'The Simpsons ' ?,Fact
"What TV show premiered on January 15 , 1981 ?",Fact
What was the only country in the Western Hemisphere to join the Russian-led boycott of the 1984 Summer Olympics ?,Fact
In what part of Africa is Mozambique located ?,Fact
What is the abbreviated term used for the National Bureau of Investigation ?,Definition
What is e-commerce ?,Definition
"Whose funeral train traveled from Washington D.C. to Springfield , Illinois ?",Fact
How did names come about ?,HowTo
"What 's the better-known identity of John Merrick , the noble ogre of Victorian England ?",Fact
What is her husband 's name ?,Fact
"What cigarette company urged us , `` Come to where the flavor is ? ''",Fact
Which of the following did not receive a 1983 `` Outstanding Mother Award '' from the National Mother 's Day Committee ?,Fact
What Dynasty star made her 2th Century-Fox debut in The Virgin Queen ?,Fact
Where is Poe 's birthplace ?,Fact
What actress holds the record for the most appearances on the cover of Life ?,Fact
What was the first TV set to include a remote control ?,Fact
"Name the company that used the line , `` Even your best friend won 't tell you '' in its ad ?",Fact
What first-aid product `` Helps the hurt stop hurting '' ?,Fact
How does ultraviolet light damage the DNA of skin cells ?,HowTo
What was the verdict in the trial of Lizzie Borden ?,Definition
What U.S. President had brothers-in-law in the Confederate army ?,Fact
Who is the Queen of Holland ?,Fact
"What does the Greek word polis mean , as in Minneapolis ?",Definition
Where can I find detailed information about Manchukuo ?,Fact
What actor learned to play the saxophone and speak Russian for a role in a movie ?,Fact
"Who says , `` If you don 't look good , we don 't look good '' ?",Fact
Who was Secretary of State during the Nixon administration ?,Fact
How much money does each player get at the beginning of the game in Monopoly ?,HowTo
Where 's the GUM department store ?,Fact
What is the literal meaning of `` D-DAY '' ?,Definition
What state was named the Green Mountain state ?,Fact
What carries sperm up into the pelvic region ?,Fact
What year was the ATM first introduced ?,Fact
What are all the southern states of the United States ?,Fact
Who is Johnny Carson ?,Fact
What does 7847+5943 equal ?,Fact
What book is subtitled The Preservation of Favoured Races in the Struggle for Life ?,Fact
Why do the chickenpoxs last so long ?,Reason
What attorneys work for The Center for the Defense of Free Enterprise ?,Fact
How did the U.S. come into the possession of an empire in the wake of the Spanish-American War ?,HowTo
What is Dick Clark 's date of birth ?,Fact
What does the name `` Sheri '' mean ?,Definition
What is the only primate to lack pigment in the palms of its hands ?,Fact
How many equal sides are there on a scalene triangle ?,HowTo
Where did Bill Gates go to college ?,Fact
What constellation is known as The Water Bearer ?,Fact
What tale has the moral : `` He who wants everything gets nothing '' ?,Fact
What U.S. university boasts the largest library ?,Fact
In which year was the cartoon character Chilly Willy created ?,Fact
What do Japanese school uniforms look like ?,Definition
Name a Salt Lake City newspaper .,Fact
Where can I find the history of the Taiwanese language ?,Fact
What state is Mount McKinley in ?,Fact
How did people respond to the idea of the first millenium ?,HowTo
Which classical Spanish writer said `` All that glitters is not gold '' ?,Fact
What is swap math ?,Definition
What is hypnotherapy ?,Definition
What is RCD ?,Definition
How large is Missouri 's population ?,HowTo
Which cats pursued Tweety Pie in his first cartoon appearance ?,Fact
What is the biblical meaning of ` stones ' ?,Definition
Which organization is the Security Council a part of ?,Fact
When was the internal combustion engine developed ?,Fact
How can I find out my biorhythm ?,HowTo
Who painted `` Soft Self-Portrait with Grilled Bacon '' ?,Fact
What company markets a shampoo `` for brunettes only '' ?,Fact
What is a fear of touching ?,Fact
What is the name of the largest water conservancy project in China ?,Fact
Who killed Caesar ?,Fact
Where is Kings Canyon ?,Fact
What are the words to the song sung by `` Banana in Pajamas '' ?,Definition
Why are organ transplants more successful today ?,Reason
Which is the most-used computer program ?,Fact
What is the root of all evil ?,Definition
What animal has the best hearing ?,Fact
What time does Wee Willie Winkie run through the town ?,Fact
What chapter of Gone with the Wind has Rhett Butler leaving Scarlett O 'Hara ?,Fact
What amount of money did the Philippine ex-dictator Marcos steal from the treasury ?,Fact
What film featured Shirley MacLaine as a prostitute and Jack Lemmon as a pimp ?,Fact
What is a fear of drinking ?,Fact
What Asian country once thrilled to the sport of cricket fighting ?,Fact
How many varieties of apple are there ?,HowTo
Who is Count Cinzano ?,Fact
Who 's won the most Oscars for costume design ?,Fact
What Ernest Hemingway novel had the working title Fiesta ?,Fact
What color of Monopoly properties are landed on most often ?,Fact
Which Beatles disc cover honors the Rolling Stones ?,Fact
Why does it snow ?,Reason
What is the average life expectancy of a male in Ireland in 1996 ?,Fact
What is `` Vocal Sampling '' ?,Definition
How do windmills work ?,HowTo
What ocean liner burned and sank in Hong Kong harbor ?,Fact
What city is near the mouth of the Amazon ?,Fact
"What U.S. vice-president once declared : `` If you 've seen one slum , you 've seen them all '' ?",Fact
Who wrote The Red Badge of Courage ?,Fact
What money was used by them ?,Fact
"What color , s , appear on boxes of Kodak film ?",Fact
Where did the Inuits live ?,Fact
What is the origin of the word trigonometry ?,Definition
What is Compaq 's mission statement ?,Definition
What was the name of the 1899 policy forced on China by which all nations had equal trading rights ?,Fact
What British monarch 's lap did P.T. Barnum 's Tom Thumb sit in ?,Fact
How did Rocky Marciano die ?,HowTo
Who invented the road traffic cone ?,Fact
What is the name of Joan Jett 's band ?,Fact
Which of the following people is not associated with Andy Warhol ?,Fact
What does Visine get out ?,Fact
What civilization invented the arch ?,Fact
"What are some fun things to do in Cozumel , Mexico for teenagers ?",Definition
What is an example of a famous rock band from the sixties ?,Fact
"What former royal palace has served as a granary , prison , arsenal , leper colony , mint , telegraph station and whorehouse before becoming an art museum ?",Fact
"Where was `` I have fallen , and I can 't get up '' said first ?",Fact
What president 's ghost is said to haunt the White House ?,Fact
What are the names of Jack 's original roommates on Three 's Company ?,Fact
What is the definition of hazmat ?,Definition
How many URL extensions are there ? and what are they ?,HowTo
Where did the Wright brothers make their first flight ?,Fact
Who won the Battle of Gettysburg ?,Fact
What do you get by mixing gin and vermouth ?,Fact
Name the two youngsters saved by the animated Moby Dick .,Fact
"Who was the captain of the tanker , Exxon Valdez , involved in the oil spill in Prince William Sound , Alaska , 1989 ?",Fact
What is the snowiest city in the U.S. ?,Fact
What is crabgrass ?,Definition
"What book opens : `` At a certain village in La Mancha , which I shall not name.. . '' ?",Fact
Who is Stephen Hawking ?,Fact
What does SHIELD stand for ?,Definition
"How do you say , `` I love you '' in other languages ?",HowTo
What is The Gay Science ?,Definition
Why is Jane Goodall famous ?,Reason
What is the chemical reactivity of helium ?,Fact
The name of the actor who played the detective in the film Kindergarden Cop is what ?,Fact
What is main reason for that electric vehicles can 't be popular nowadays ?,Definition
What is the difference between optical and digital video ?,Comparison
"What clause in the U.S. Constitution may not be changed , altered or amended ?",Definition
What 's new in the postal world in 1999 ?,Definition
What actor came to dinner in Guess Who 's Coming to Dinner ?,Fact
What is the difference between the anus and the rectum ?,Comparison
What is a Guild ?,Definition
What is the difference between college and graduate school ?,Comparison
How do I change a file from an ART file to a JPEG or Bitmap file ?,HowTo
What is Franz Kafka 's short story `` A Country Doctor '' trying to tell us ?,Definition
What engineer invented the pull-tab can ?,Fact
What South American capital is the world 's highest ?,Fact
What are the lyrics to the Star Spangled Banner ?,Definition
Name a civil war battlefield .,Fact
When do you plant winter wheat ?,Fact
What will a compass do in outer space ?,Definition
How many counties are in Indiana ?,HowTo
Which college did Dikembe Mutombo attend ?,Fact
Who was the first actress to appear on a postage stamp ?,Fact
Who was the first black woman to star in the Folies Bergeres ?,Fact
What Aesop 's fable has the moral : `` The race is not always to the swift. Slow and steady is bound to win '' ?,Fact
What famed strip of land is a 15-minute boat trip across the Venetian Lagoon from Venice ?,Fact
How is water treated to make it safe to drink ?,HowTo
What is a hydrogen bond ?,Definition
What is the exchange rate between England and the U.S. ?,Fact
What does a woman want ?,Fact
What is the protection rate of using condoms ?,Fact
What 's the abbreviation for limited partnership ?,Definition
Which continent has the most roses ?,Fact
What Russian novel embracing more the 5 characters is set in the Napoleonic Wars ?,Fact
How do you write a correct critical analysis of a poem ?,HowTo
How do I check if my modem is v.9 compatible ?,HowTo
What is your favorite color ?,Fact
"What is the longest chemical name , consisting of 35 letters ?",Fact
How many corners does a spritsail have ?,HowTo
What bottled-up TV character was born in Baghdad ?,Fact
What is a multiplexer ?,Definition
What credit card features a centurion on its face ?,Fact
What are the four largest mountain ranges on the Asian continent ?,Fact
What are the Poconos ?,Definition
"What does caliente mean , in English ?",Definition
What is Jane Goodall famous for ?,Definition
What is the mission of Nike ?,Fact
What is thalassemia ?,Definition
How far can you see ?,HowTo
"What nuclear-powered Russian submarine sank in the Norwegian Sea on April 7 , 1989 ?",Fact
Why can 't you taste anything when you have a cold ?,Reason
Where in the Bible does it tell about Jesus Christ 's brothers and sisters ?,Fact
What country boasts the southernmost point in continental Europe ?,Fact
When did Nostradamus believe World War III would begin ?,Fact
What is so powerful about Power Bars ?,Definition
What do the Japanese call Japan ?,Fact
What country was Brian Boru an 11th-century king of ?,Fact
What happens when a body part falls asleep ?,Definition
What English word has the most letters ?,Fact
What film ends with the line : `` This is Mrs. Norman Maine '' ?,Fact
Who asked the musical question : `` Have you ever been to electric lady land ? '',Fact
Who wrote : `` Poems are made by fools like me but only God can make a tree '' ?,Fact
What is June 's birthstone ?,Definition
Where did the 6th annual meeting of Indonesia-Malaysia forest experts take place ?,Fact
Why do we ask for the `` check '' and not the bill at a restaurant ?,Reason
"Who played the part of the Godfather in the movie , ` The Godfather ' ?",Fact
When was London 's Docklands Light Railway constructed ?,Fact
Who invented the Wonderbra ?,Fact
What is the origin of the proverb `` A stitch in time saves nine '' ?,Definition
What state capital comes last alphabetically ?,Fact
Why is Thanksgiving on a Thursday ?,Reason
How do telephones work ?,HowTo
What 's the main vegetable in vichyssoise ?,Fact
How long did the Charles Manson murder trial last ?,HowTo
How long does it take for your blood to make one complete trip through the body ?,HowTo
Who owns the St. Louis Rams ?,Fact
Where is former Pro wrestler Johnny `` Rubber Man '' Walker ?,Fact
"What beer tells us , `` Grab all the gusto you can get . '' ?",Fact
What is the geographical center of the US including Alaska and Hawaii ?,Fact
Which side of the face do most artists tend to show more of in self-portraits ?,Fact
What is diabetes ?,Definition
What phenomenon would you expect to read about in the monthly publication The Bigfoot News ?,Fact
When do MORMONS believe Christ was born ?,Fact
In what year was actress Joan Collins born ?,Fact
What is a fear of punishment ?,Fact
What is average salary of restaurant manager in United States ?,Fact
What comic strip sometimes features a mailman named Beasley ?,Fact
What device provided a new way to listen to music in 1963 ?,Fact
"What will a kid eat the middle of , and save the chocolate on the outside for last ?",Fact
"On average , how long time does it take to type a screenplay ?",Fact
What does the abbreviation IOC stand for ?,Definition
What 's a short ton ?,Definition
How long do cardinal eggs incubate ?,HowTo
What two body parts grow all your life ?,Fact
What Texas surgeon performed the first artificial heart transplant ?,Fact
What country has the port of Haifa ?,Fact
What is the main ingredient of yogurt ?,Fact
What is the recipe for Eggs Benedict ?,Fact
"What is the address for the main government office in Rome , Italy ?",Fact
What 's the largest U.S. agricultural crop by weight ?,Fact
What is the electronic device used to produce visual displays corresponding to electric signals ?,Fact
What is goldenseal ?,Definition
Who made the most appearances in the center square on Hollywood Squares ?,Fact
What is the Lost Colony ?,Definition
What is the chemical composition of a Barbie ?,Fact
How many of every 10 members of the Rodeo Cowboys Association have never worked a ranch ?,HowTo
What store claims to be the world 's largest department store ?,Fact
What is the lens behind the iris in the eye called ?,Fact
What is Tetrinet ?,Definition
What `` marvelous '' major-league baseball player is now a spokesman for a beer company ?,Fact
What is the longest English word that can be formed using just the first row of letters on a typewriter ?,Fact
What is Chiricahua the name of ?,Fact
What 's the green variety of beryl called ?,Fact
What was the name of Captain Bligh 's ship ?,Fact
Which is heavier - cream or milk ?,Fact
Who said `` the only thing we have to fear is fear itself '' ?,Fact
Where is Romania located ?,Fact
How many films are made by the major studios in a year ?,HowTo
How many small businesses are there in the U.S .,HowTo
What age is Benny Carter ?,Fact
How do you clean an LCD monitor screen ?,HowTo
What city did the Mormons establish as their headquarters in 1847 ?,Fact
What is amezaiku ?,Definition
What two countries are linked by the Brenner Pass ?,Fact
What new games are available for Nintendo 64 ?,Fact
Mississippi has what name for a state nickname ?,Fact
What is the predominant color of the Tab label ?,Fact
What U.S. city was named for St. Francis of Assisi ?,Fact
"How many megawatts will the power project in Indonesia , built by a consortium headed by Mission Energy of US , produce ?",HowTo
What is the definition of `` chancery '' file in real estate ?,Definition
Who is the sexiest women in the world ?,Fact
What day is known as the `` national day of prayer '' ?,Fact
Where can I get a photograph of professor Randolph Quirk ?,Fact
Who was the supreme god of Germanic religion ?,Fact
How do you handle a hungry man ?,HowTo
Who 's played the most games for the New York Yankees ?,Fact
"What TV character said ; `` One of these days , Alice , pow , right in the kisser '' ?",Fact
What is the name of the Indian who became prime minister by beating Mrs. Gandhi in the 1977 election ?,Fact
What are the conjugations of wake and woke ?,Fact
What Chilean president was killed in a 1973 coup d 'etat ?,Fact
What was Einstein 's IQ ?,Fact
Name the first Russian astronaut to do a spacewalk .,Fact
Why do eyes sometimes look red in photographs ?,Reason
What are John C. Calhoun and Henry Clay known as ?,Fact
What are the first names of the famous husband-and-wife acting team of Lunt and Fontanne ?,Fact
What are some good exercises for kids to do ?,Fact
How many real fruit juices are there in a can of Hawaiian Punch ?,HowTo
What is the abbreviation of the National Bureau of Investigation ?,Definition
What is the principal river of Ireland ?,Fact
What lake is the source of the White Nile ?,Fact
Garry Kasparov plays what game ?,Fact
How much does a poodle weigh ?,HowTo
What is Zionism ?,Definition
What cable network bills itself as `` the family entertainer '' ?,Fact
How many points are there on a Backgammon board ?,HowTo
What have you not let a tennis ball do if you volley ?,Definition
Which comic book was not spawned directly from the pulp magazines ?,Fact
"What product is for kids , and not for silly rabbits ?",Fact
What else has the swastika stood for ?,Definition
"Why do people get goosebumps when they have something emotional happen to them , like when they hear a beautiful piece of music , or see something beautiful , or get aroused by someone they love ?",Reason
How many frames does a disk camera shoot ?,HowTo
What are the 7 Wonders of the World ?,Fact
When did Theo Rousseau paint the `` Forest of Fontaine '' ?,Fact
How many people have been Captain America ?,HowTo
What is meant by the term `` yield to maturity '' in reference to bonds ?,Definition
"What became the biggest cash crop in the U.S. in 1983 , surpassing corn ?",Fact
How did the war of 1812 affect Delaware ?,HowTo
Where is the human skin least sensitive ?,Fact
"What President was meant for , but never placed in , the empty crypt beneath the capital 's rotunda ?",Fact
What is the biggest `` thing '' humans have made ?,Fact
What are all the rivers in Europe ?,Fact
Who won the Superbowl in ?,Fact
What five cards make up a perfect Cribbage hand ?,Fact
In what year was Gandhi assassinated ?,Fact
What is the time it takes a typist to type a screenplay that is 100 pages long ?,Fact
What is the full classification of a lady bug ?,Fact
What Hungarian cardinal was first a state prisoner and then a refugee in the U.S. embassy 1956-1971 ?,Fact
How many pairs of wings does a tsetse fly have ?,HowTo
What was the name of the peace agreement imposed on Germany after World War I ?,Fact
What 's the fifth-largest country in the world ?,Fact
How do you box train a cat ?,HowTo
How was Teddy Roosevelt related to FDR ?,HowTo
What newspaper serves Salt Lake City ?,Fact
The film `` Jaws '' was made in what year ?,Fact
How does lightning travel ?,HowTo
What spice do chefs pay the most for ?,Fact
Who directed Citizen Kane ?,Fact
What is troilism ?,Definition
What was the sister ship of the Olympic ?,Fact
What is the nickname of the famous flyer who mistakenly flew to Ireland instead of to Los Angeles ?,Fact
What is HTML ?,Definition
How do you identify prime numbers ?,HowTo
"Whose special bear 's creator was born on January 18 , 1779 ?",Fact
What high school does Archie attend ?,Fact
What animal migrates the farthest ?,Fact
What film was based on the play Everybody Comes to Rick 's ?,Fact
Why do we call someone `` honey '' ?,Reason
Madonna hocks which soft drink ?,Fact
What television network flogged its sports programming on Inga Nielsen 's body in 197 ?,Fact
In what country is Lund ?,Fact
What 's the sequel to Alice 's Adventures in Wonderland ?,Fact
What is the capital of Seattle ?,Fact
What Italian leader had a lifelong fear of the evil eye ?,Fact
What city in Florida is Sea World in ?,Fact
Who said : `` What contemptible scoundrel stole the cork from my lunch ? '',Fact
What 's a water funnel ?,Definition
What is a fear of worms ?,Fact
What is a Chinese `` spouting '' bowl ?,Definition
What does an emperor do ?,Definition
What president kissed the Queen Mother on the lips ?,Fact
Where does the tennis star Stefan Edberg come from ?,Fact
What continent pushes up the Executive Committee mountain range ?,Fact
How do they raise the cranes when building high-rise buildings ?,HowTo
"What was Al Capone finally imprisoned for , in 1931 ?",Definition
What food can I use to catch a possum ?,Fact
What was Al Capone 's nickname ?,Fact
Who was the author of the famous fairy tale `` Snow White and Seven Dwarfs '' ?,Fact
What is the largest city in Germany ?,Fact
What is a fear of cholera ?,Fact
What park contains Firehole River and Fairy Falls ?,Fact
What 's the largest island in the West Indies ?,Fact
What New England state carries the telephone area code 27 ?,Fact
What is an example of a natural acid-base indicator ?,Fact
In what county is Eckley Colorado ?,Fact
How do I find info about rice importers in the world ?,HowTo
"How much does it cost to have a tree planted by dialing , 900 , 740-TREE ?",HowTo
What is the song Stairway to Heaven by Led Zeppelin about ?,Definition
How does hair curl ?,HowTo
What are pushed and coupled in hump yards ?,Fact
How long do hermit crabs live ?,HowTo
What city hosted the first Winter Olympics in Asia ?,Fact
What is the origin of the first name ` Breony ' ?,Definition
What month were you born in if your birthstone is sardonyx ?,Fact
Who is behind the name of the Harvey Wallbanger drink ?,Fact
What is the origin of `` Beauty is in the eye of the beholder '' ?,Definition
"What soft drink not only has its own video game , but was featured in its own Marvel comic book ?",Fact
What oldtime kids ' fare did TV Guide writer Jeff Greenfield call `` one of the most...subversive TV shows in American history '' ?,Fact
Madonna advertises for what soft drink ?,Fact
What does A&W of root beer fame stand for ?,Definition
What tennis term is said to come from the French word for egg ?,Fact
What does a collier mine ?,Fact
How much money can a person be fined for having a dog on a beach ?,HowTo
"What desert country borders Saudi Arabia , Iraq and the Persian Gulf ?",Fact
What are the ages in comic book lingo ?,Fact
What kinds of animals are in Cambodia ?,Fact
What South African producer had a 1988 profit of $836 million ?,Fact
What American actress was the first to be called a `` vamp '' ?,Fact
What do the 12 days of Christmas mean ?,Definition
"What John Steinbeck novel portrays the Joad family , driven from the Oklahoma dustbowl ?",Fact
What date did man first land on the moon ?,Fact
Where are the headquarters of Eli Lilly ?,Fact
How many web servers are there ?,HowTo
What 's the last line of Dickens 's A Christmas Carol ?,Definition
How many trees go into paper making in a year ?,HowTo
Where can I find info on research being done on oilseeds thru genetics ?,Fact
How come light bulbs go out ?,HowTo
For what reason did the Shea & Gould law firm close their L.A. office ?,Definition
How far out is the universe ?,HowTo
What is the difference between a bottle and a jar ?,Comparison
What disease is the second-biggest killer of North Americans ?,Fact
Where did the Mayan Indians live ?,Fact
Where was Poe born ?,Fact
What happens to the female body with lack of sleep and food ?,Definition
What is a fear of crystals or glass ?,Fact
Name a product that controls the ripening of apples .,Fact
How many warmup pitches does a reliever get coming into a baseball game ?,HowTo
Where did Dylan Thomas die ?,Fact
What common livestock have the greatest variety of breeds ?,Fact
What film had Bette Davis creating a scandal by wearing a daring red gown to a society ball ?,Fact
What disease did August von Wassermann develop a specific test for in 196 ?,Fact
What card company sells Christmas ornaments ?,Fact
How do I find out what cities are in a certain area code ?,HowTo
What can communications satellites offer yachts ?,Fact
How many Fig Newtons are there to the pound ?,HowTo
Who is the premier of China ?,Fact
What cigar-chewing comedian observed : `` You 're only as old as the woman you feel '' ?,Fact
How many bones are there in the human hand ?,HowTo
What bread company used to feature stickers of the Cisco Kid on the ends of their packages ?,Fact
Who was the president of Vichy France ?,Fact
Whose kidnaping was termed The Crime of the Century ?,Fact
What is hydrogen ?,Definition
What group asked the musical question Do You Believe in Magic ?,Fact
What was the tallest building in America in 1922 ?,Fact
What buxom blonde appeared on the cover of more than 5 magazines ?,Fact
What is recruitment interview technique ?,Definition
How does a hurricane form ?,HowTo
What does the donation process entail ?,Definition
How far is it from Phoenix to Blythe ?,HowTo
What New Hampshire hamlet rises early to vote first in U.S. presidential elections ?,Fact
How many people watch network television ?,HowTo
"What garment was named for Bradley , Voorhees and Day ?",Fact
Who first broke the sound barrier ?,Fact
How do birds have sex ?,HowTo
How many horses are there on a polo team ?,HowTo
What 's destroyed in Genesis 19 : 24 ?,Fact
What new year is celebrated on February 16th ?,Fact
What is Occam 's Razor ?,Definition
Where do the Grimace and Mayor McCheese live ?,Fact
How long does it take to hike the entire Appalachian Trail ?,HowTo
What role do fruits play in the survival of plants ?,Fact
Where is the world championship sled dog race held each February ?,Fact
What are the medical purposes of `` clitoridectomy '' ?,Definition
How is thalassemia defined ?,HowTo
What 's the name of the Tampa newspaper ?,Fact
What is a storm surge ?,Definition
How do you use `` farther '' as opposed to `` further '' ?,HowTo
What was the alternate to VHS ?,Fact
What is one of the languages of the Sioux ?,Fact
What Pulitzer Prize-winning novelist ran for mayor of New York City ?,Fact
How many times can a nickel-cadmium rechargeable battery be recharged ?,HowTo
How is cologne made ?,HowTo
What was the food of the Greek gods called ?,Fact
What does camera-ready art mean ?,Definition
How many seats does the Batmobile sport ?,HowTo
How many cards are dealt to each player in Gin Rummy ?,HowTo
What happened to Phillip Taylor Kramer ?,Definition
What Erica Jong novel deals with Isadora Wing 's fear ?,Fact
What time of year do most people fly ?,Fact
Who was Scrooge 's dead partner in Dickens 's A Christmas Carol ?,Fact
What is the origin of the Christmas tree ?,Definition
When is the Thai New Year ?,Fact
What four tournaments make up tennis ' Grand Slam ?,Fact
What 1964 film introduced the song My Kind of Town ?,Fact
Who recorded the 1957 hit Tammy ?,Fact
What is the term for the side of the mountain that faces the prevailing winds ?,Fact
"In Kafka 's Metamorphosis , the hero awakes one morning to find himself turned into what ?",Fact
What does caliente translate to in English ?,Fact
Who is Mia Farrow 's mother ?,Fact
How do you determine if a computer monitor has an SVGA adapter ?,HowTo
How far can a human eye see ?,HowTo
What time of year has the most air travel ?,Fact
What does the term `` spaghetti western '' mean ?,Definition
When was the G7 group of nations formed ?,Fact
What are differences between 1980 and 1990 ?,Comparison
What baseball player was walked the most times ?,Fact
What famous male vocalist has the same name as the composer of the opera Hansel and Gretel ?,Fact
What were the first frozen foods ?,Fact
Why is Indiglo called Indiglo ?,Reason
What is the word for love of pain or abuse ?,Fact
When did they canonize the Bible ?,Fact
Who was the only president to serve two nonconsecutive terms ?,Fact
What percentage of all world tornados touch down in the US ?,Fact
What labor leader was last seen in the parking lot of a Michigan restaurant ?,Fact
When did the Carolingian period begin ?,Fact
What motto ended Merrie Melodies cartoons ?,Definition
Who reports the weather on the `` Good Morning America '' television show ?,Fact
How many emperors were there in the Roman Empire ?,HowTo
What was the name of `` The Muppets '' creator ?,Fact
What is Cabarnet Sauvignon ?,Definition
What is a virtual IP address ?,Definition
What 's the name of the tiger that advertises for Frosted Flakes cereal ?,Fact
"Who sent the brief message `` I came , I saw , I conquered '' ?",Fact
What color is Mr. Spock 's blood ?,Fact
What U.S. Air Force general led the first bombing raid over Tokyo ?,Fact
What U.S. vice-president said : `` Some newspapers dispose of their garbage by printing it '' ?,Fact
"What was the name of the first Watergate special prosecutor , later fired by Nixon ?",Fact
How do movie blues screens work ?,HowTo
How does the speed the magnet spins in a generator affect the output of the generator ?,HowTo
What 's the supreme policy-making bureau of the Soviet Communist Party ?,Fact
What was the Vietnam War ?,Definition
What is La Nina ?,Definition
Why did the Globe Theatre burn down ?,Reason
On what day were John F and Jackie Kennedy married ?,Fact
"What was the non-fiction best-seller of 1952 , 1953 and 1954 ?",Fact
What is meant by blood SED rate ?,Definition
Who are the nomadic hunting and gathering tribe of the Kalahari Desert in Africa ?,Fact
Who won a Pulitzer Prize for his novel The Caine Mutiny ?,Fact
What 's the best way to lose the flab under your chin and around your face ?,Fact
Where is your corpus callosum ?,Fact
"What Broadway musical featured the song , `` If I were a rich man ? ''",Fact
Who portrayed Sherlock Holmes in 14 films between 1939 and 1946 ?,Fact
Why is the development of space so important ?,Reason
What is the nursery rhyme Rock-a-by Baby about ?,Definition
"When Superman needs to get away from it all , where does he go ?",Fact
How old is singer Freedy Johnston ?,HowTo
What is the origin of gametophytic tissue ?,Definition
What does Aaron mean ?,Definition
What is a fear of hair ?,Fact
What is the name of the pop singer whose song became the theme song for a brand of catsup ?,Fact
What is a conifer ?,Definition
Who claimed to be the world 's most perfectly-developed man ?,Fact
What is different about the red and black fox ?,Definition
What is e-commerce ?,Definition
How do I tie a tie ?,HowTo
Where can I get cotton textiles importer details ?,Fact
When did Spain and Korea start ambassadorial relations ?,Fact
What kind of people took part in Shays ' Rebellion in Massachusetts in 1787 ?,Fact
What is chromatology ?,Definition
How many grooves are on a dime 's edge ?,HowTo
How was the ACLU formed ?,HowTo
What are the most albums sold by one artist or band ?,Fact
The second most popular sport worldwide is what ?,Fact
What do goldfish lose if kept in dimly-lit or running water ?,Fact
What canal does the Thatcher Ferry Bridge span ?,Fact
What American won the world Grand Prix driving championship in 1978 ?,Fact
What are the chances of pregnacy if the penis does not penetrate the vagina ?,Fact
What 's the highest hand in straight poker ?,Fact
Where can I find a lesson plan for teaching the metric system conversion to American standard ?,Fact
What is the name of Kevin Costner 's movie about Sioux Indians ?,Fact
"What are Kythnos , Siphnos , Seriphos and Mykonos ?",Definition
Name a female figure skater .,Fact
Why are there no white lines on pro footballs ?,Reason
How long would it take for a $ savings bond to mature ?,HowTo
How is Abigail Arcane related to the villainous opponent of the Swamp Thing ?,HowTo
What did the Congress of Vienna establish ?,Fact
What is the average cost for four years of medical school ?,Fact
What harmful chemicals are in bug spray ?,Fact
How many spears are there on Kenya 's flag ?,HowTo
What did Mighty Mouse always sing as he went into action ?,Definition
Where did George of the Jungle live ?,Fact
How did Bob Marley die ?,HowTo
What 's men 's par on a 455-yard golf hole ?,Fact
What percentage of American men are alcoholic ?,Fact
"Dialing , 900 , 740-TREE to have a tree planted will cost how much ?",Fact
"In South Korea , how many American Soldiers are there ?",Fact
Who portrayed Carl Bernstein in All the President 's Men ?,Fact
What are the numbers that fit into Fermont 's last theorem ?,Fact
Who was Tiny Tim 's father ?,Fact
What does a heliologist study ?,Fact
Who was Bonnie Blue Butler 's father ?,Fact
"What shampoo prevents eczema , seborrhea , and psoriasis ?",Fact
How many Americans have HIV ?,HowTo
Where do I find information for foreclosure properties on the Internet ?,Fact
Who is the Antichrist ?,Fact
What was the first English play written exclusively for children ?,Fact
Which Latin American country is the largest ?,Fact
What was the former residence of Scottish kings in Edinburgh ?,Fact
How many teats does a female goat sport ?,HowTo
How tall is kilamanjaro ?,HowTo
Who was the lawyer who represented Randy Steven Craft ?,Fact
What country buys 25 percent of the world 's tea exports ?,Fact
What country is the origin of the band the Creeps ?,Fact
What did the crocodile swallow in Peter Pan ?,Fact
What is the origin of the word `` mushroom '' ?,Definition
Which of the following celebrities was not born in Philadelphia ?,Fact
What is the number of American soldiers deployed to South Korea ?,Fact
Where is the biggest bell ?,Fact
What is the brand name of the chemical daminozide ?,Fact
How do microwaves work ?,HowTo
What magazine paid Ernest Hemingway $15 a word to write a bullfighting article ?,Fact
What is the estimated total U.S. whitetail deer population ?,Fact
Who wrote the Farmer 's Almanac ?,Fact
"What animal received royal assent as an emblem of Canada on March 24 , 1975 ?",Fact
What number is at 12 o 'clock on a dartboard ?,Fact
Which team won the Super Bowl in 1968 ?,Fact
What is the recommended daily requirement for folic acid for pregnant women ?,Definition
What film dramatized the Scopes monkey trial ?,Fact
CNN is owned by whom ?,Fact
What country offered Albert Einstein its presidency in 1952 ?,Fact
What is the HIGHEST Roman numeral ?,Definition
"What TV series saw many of its aquatic scenes shot at Silver Springs , Florida ?",Fact
Who was the 15th century fire-and-brimstone monk who gained control of Florence but ended burnt at the stake ?,Fact
How is digital audio used ?,HowTo
What is AFS ?,Definition
Who was Quetzalcoatl ?,Fact
What operating system do IBM-compatible machines use ?,Fact
What French leader sold Louisiana to the United States ?,Fact
"What bay sparkles next to Miami , Florida ?",Fact
How many miles of veins are in the circulatory system ?,HowTo
What famed river flows through Bagdad ?,Fact
How is bubble wrap made ?,HowTo
What is Java ?,Definition
Who is the prime minister of Japan ?,Fact
What player squats an average of 3 times during a baseball doubleheader ?,Fact
What 's the most common name in nursery rhymes ?,Fact
How many `` No '' answers was the What 's My Line ? panel allowed ?,HowTo
What is the fine for having a dog on a beach ?,Fact
"Who wrote the book , `` Song of Solomon '' ?",Fact
"Where can one find information on religion and health , the brain and nutrition ?",Fact
Name the Ranger who was always after Yogi Bear .,Fact
What TV show did John Sebastian sing the theme for ?,Fact
Who is the president of the Spanish government ?,Fact
Who holds the career record for the most major league home runs ?,Fact
Which of the following actors worked in New York 's Yiddish Theater ?,Fact
Who invented the stethoscope ?,Fact
What is a mathematical factor ?,Definition
How many four star generals were there and who are they ?,HowTo
When did Nixon die ?,Fact
What was originally defined as one 1-millionth of the distance from the equator to the Pole ?,Fact
What comedian hit the TV screen in 1951 with the NBC afternoon show Time for Ernie ?,Fact
How many members are in the California congressional delegation ?,HowTo
What erupts every hour at Yellowstone National Park ?,Fact
What country contains the highest point in South America ?,Fact
What are Arnold Palmer 's fans called ?,Fact
Who retired with 755 home runs to his credit ?,Fact
What constellation represents a hunter with club and shield ?,Fact
Who developed potlatch ?,Fact
How long did Shea and Gould practice law in Los Angeles ?,HowTo
What 's a perfect score in a gymnastics exercise ?,Fact
"What group included Abbey Hoffman , Jerry Rubin , and Tom Hayden ?",Fact
What made Jane Goodall famous ?,Definition
At what age did Rossini stop writing opera ?,Fact
What Russian seaport has a name meaning `` Lord of the East '' ?,Fact
Name the two actress daughters of John Mills .,Fact
How old was Gene Siskel ?,HowTo
What can be done about snoring ?,Definition
What Rocky Mountain ridge separates North America 's eastward and westward-flowing rivers ?,Fact
Who is the actress Bette Davis once said she wished she looked like ?,Fact
Who portrayed The Cowardly Lion in The Wizard of Oz ?,Fact
What does a chiropodist treat ?,Fact
What is porphyria ?,Definition
What gate opened on East and West Berlin ?,Fact
Who was the first king of England ?,Fact
What made the Finger Lakes in western New York state ?,Definition
In what movie is the number nine found in the title ?,Fact
How many calories are there in soy sauce ?,HowTo
Who killed Kurt Cobain ?,Fact
Who created the monster in Mary Shelley 's novel Frankenstein ?,Fact
What 's the farthest planet from the sun ?,Fact
Why does the sun shine only a short time in Alaska ?,Reason
What chemical in red wine is good for the heart and what exactly does it do to your body ?,Fact
How does blood clot ?,HowTo
How big is our galaxy in diameter ?,HowTo
"What product `` doubles your pleasure , doubles your fun '' ?",Fact
When is a woman most fertile ?,Fact
What son of a 15-year-old Mexican girl and a half-Irish father became the world 's most famous Greek ?,Fact
Who was the first man to return to space ?,Fact
What brand of jeans did Calvin Klein admit in a 1984 interview he felt more comfortable wearing ?,Fact
Who gave Abbie Hoffman his first dose of LSD ?,Fact
What effect does friction have on perpetual motion ?,Definition
What did the Seven Dwarfs do for a living ?,Fact
What 4-foot-9 actress in 1984 became the first performer to win an Oscar for playing a character of the opposite sex ?,Fact
Who shot Billy the Kid ?,Fact
What is he doing now ?,Definition
What Mormon leader was said to have had 27 wives ?,Fact
What video format was an alternative to VHS ?,Fact
Where did the term `` 69 '' come from ?,Fact
What is money made of ?,Fact
What 's the name of a hotel in Indianapolis ?,Fact
How many people in Tucson ?,HowTo
Where is Melbourne ?,Fact
With whom did Bush compare Saddam Hussein ?,Comparison
What country was Mikhail Gorbachev the leader of ?,Fact
"What is the recommended weight of a 15 year-old male that is 5 , 6 ?",Fact
What pillar of the Dutch Renaissance painted Aristotle Contemplating the Bust of Homer ?,Fact
What is the largest county in size in Massachusetts ?,Fact
What is the name of the brilliant British economist behind its creation ?,Fact
Who played Sally Rogers on The Dick Van Dyke Show ?,Fact
What is it like to experience a near death episode ?,Definition
What mythical figure carries an hourglass and a scythe ?,Fact
How much is a Canadian 1967 twenty dollar gold coin worth ?,HowTo
Why didn 't European colonial rule spread until after the first and second industrial revolutions ?,Reason
What natural attractions draw the most visitors in the United States ?,Fact
What presidential administration challenged Americans to explore The New Frontier ?,Fact
How many years did Sleeping Beauty sleep ?,HowTo
How long does it take for your body to restore blood after you donate your blood ?,HowTo
How do I know someone is truly in love with me ?,HowTo
Which of many numbered vats of Scotch was judged best by a panel of experts in 1863 ?,Fact
What is literary criticism ?,Definition
How do you throw a housewarming party ?,HowTo
What international sport was originally called hurley ?,Fact
What river runs through Liverpool ?,Fact
What famous British actor lost his voice after an operation in 1966 ?,Fact
What does the term 3 mean to a newspaper editor ?,Definition
What company makes impulse hardening equipment ?,Fact
What country was Kim Philby really working for ?,Fact
What does Freddy Freeman say to become Captain Marvel Jr. ?,Definition
What country was Hitler the chancellor of ?,Fact
What is Rona Barrett 's married name ?,Fact
How many years make up a lustrum ?,HowTo
What are close encounters of the first and second kind ?,Fact
Who is the mathematician that won the Noble Prize for Literature in 1950 ?,Fact
Which glamorous actress is a close friend of Dick Tracy ?,Fact
What 1956 Grace Metalious novel was on the best-seller list for two years ?,Fact
Name the three races unleashed by the Celestials in Marvel comics .,Fact
How old is the Italian artist Maurizio Pellegrin ?,HowTo
"What President hit the jogging paths to enhance his athletic image and , sporting No. 39 , almost collapsed during the road race ?",Fact
What is the distinction of Erle Stanley Gardner 's The Case of the Terrified Typist ?,Definition
What North American city would you visit to see Cleopatra 's Needle ?,Fact
When was the NFL established ?,Fact
Where can I find an Ask An Expert site ?,Fact
What writer-journalist made his mark describing colorful Broadway and underworld characters ?,Fact
What U.S. state has the lowest highest elevation at 6 feet ?,Fact
What are the residents of the island of Lesbos called ?,Fact
What is the organizational structure of the New Delhi Indira Gandhi airport ?,Fact
"At Christmas time , what is the traditional thing to do under the mistletoe ?",Fact
What baseball great plugged Mr. Coffee ?,Fact
What international amateur sports spectacle was first telecast in 1956 ?,Fact
What is the origin of the word `` amen '' ?,Definition
Who 's baby was Sweet Pea on the Popeye cartoon ?,Fact
Where is Mile High Stadium ?,Fact
"What were Baffin , Frobisher and Franklin looking for ?",Fact
What is limbo ?,Definition
What city contains the district of Hell 's Kitchen ?,Fact
What interesting method was used to run the credits in the early Popeye cartoons ?,Fact
What are the stars made of ?,Fact
"What English physician was born on January 18 , 1779 and went on to create two important inventions ?",Fact
"Who did Arthur H. Bremer try to assassinate on May 15 , 1972 ?",Fact
How fast must a spacecraft travel to escape Earth 's gravity ?,HowTo
What apostle is Taylor Caldwell 's Great Lion of God ?,Fact
How many rings are there on a five-zone archery target ?,HowTo
"What anesthetic did Queen Victoria allow to be used for the birth of her seventh child , in 1853 ?",Fact
"What element , from the Periodic Table , is a gas or a solid , but never a liquid ?",Fact
What is a tonne ?,Definition
Which one of the Great Lakes is entirely within U.S. territory ?,Fact
What is DEET ?,Definition
What company sells the most greeting cards ?,Fact
What U.S. state has sagebrush as its state flower ?,Fact
What is the Bernoulli Principle ?,Definition
What 's comic strip photographer Peter Parker 's secret identity ?,Fact
What is difference between a poster and a print ?,Comparison
In which sport is there a `` scrum '' ?,Fact
What are the best ways to improve employee morale at low cost ?,Fact
What nationality is Pope John Paul II ?,Fact
What is false consciousness ?,Definition
How did the Great Depression affect Japan 's history ?,HowTo
Which side should a bowler facing a 37803 split hit the 3-pin on-the left or the right ?,Fact
Where are some great educational resources for parents and teachers ?,Fact
How many Israeli athletes were killed at the Munich Olympics ?,HowTo
What is the Scotch `` for people who know the difference '' ?,Comparison
When was Richard Nixon born ?,Fact
What New York City landmark has 168 steps to its crown ?,Fact
Where is the Bulls basketball team based ?,Fact
What is the recomended age to switch a child from a crib to a bed ?,Fact
Which Rockefeller was sometimes called `` JDR3 '' ?,Fact
When is the Sun closest to the Earth ?,Fact
What are some chemical properties of mendelevium ?,Definition
What is the average hours per months spent online by AOL users ?,Fact
Whom did Friz Freleng add to the Warner Bros. cartoon ranks ?,Fact
What is the origin of the word `` sideburns '' ?,Definition
The trials resulting from World War II are known as what ?,Fact
What started in 1849 when gold was discovered at Sutter 's Mill ?,Fact
What is a First World country ?,Definition
Who was Shakespeare 's Moorish general ?,Fact
What 's the second-highest mountain in the world ?,Fact
What country was Erich Honecker the leader of ?,Fact
How does salt melt ice and snow ?,HowTo
"What two Japanese cities are spelled with the letters K , O , O , T and Y ?",Fact
What does laser stand for ?,Definition
Who taught Matt Murdock to use his extraordinary abilities in Marvel comics ?,Fact
Where did Wile E. Coyote always get his devices ?,Fact
How far away is the moon ?,HowTo
What famous film and TV cowboy lent his name to a fast food chain ?,Fact
What is mandibulofacial dysostosis ?,Definition
What was the reason for the partition of the Anglican and Vatican churches ?,Definition
What is Butterfield 8 in Butterfield 8 ?,Definition
Who famously rode to warn the people of Massachusetts that the British were coming ?,Fact
What is DTMF ?,Definition
"Name a movie that the actress , Sandra Bullock , had a role in .",Fact
"What blew up at Lakehurst , New Jersey , on May 6 , 1977 ?",Fact
Who commanded the French forces at the Battle of Orleans ?,Fact
Where can an individual get a contact lens tested that burned the entire surface of eye when new ?,Fact
What countries does the Mont Blanc Tunnel join ?,Fact
What ill-fated craft was captained by Ernst Lehmann ?,Fact
When did Amtrak begin operations ?,Fact
How many bones are in the human hand ?,HowTo
How many chemical elements are there ?,HowTo
What eastern state sprouted the first commercial nuclear power plant in the U.S. ?,Fact
What are the three most populated countries in the world ?,Fact
Who led the opposition when Konrad Adenauer was Chancellor in Germany ?,Fact
"What is the current population for these countries : France , Spain , Italy , Greece , Austria , Germany , Switzerland , the Netherlands ?",Fact
What is the youngest age a boy or girl can have an orgasm ?,Fact
What color is the lipstick on Boy George 's wax lips at London 's Madame Tussaud 's ?,Fact
What is the origin of the candy cane at Christmas ?,Definition
What is the brand name of a chemical used to control ripening ?,Fact
What terror of the sea did Johnny Horton sing about ?,Fact
What is the largest office block in the world ?,Fact
Who turned all he touched to gold ?,Fact
What is the medical term for cancer of the blood ?,Fact
Who plays shortstop for Charlie Brown 's baseball team ?,Fact
What country did the Romans call Hibernia ?,Fact
Who was the most famous food editor of The New York Times ?,Fact
How many dogs pull a sled in the Iditarod ?,HowTo
What 's a male witch called ?,Fact
How long does cocaine stay in your system ?,HowTo
What two countries fought the Hundred Years ' War ?,Fact
Who was the last U.S. president to reinstate Selective Service registration ?,Fact
"On which dates does the running of the bulls occur in Pamplona , Spain ?",Fact
What was the name of the lawyer who represented Randy Steven Craft ?,Fact
What happens to used motor oil ?,Definition
What is the most commonly used 1 letter word in the English language ?,Fact
What actress 's autobiography is titled Shelley : Also Known as Shirley ?,Fact
How many colors was the 1940s collectible called a Donald Duck Rubber Boat ?,HowTo
How did the 7th inning stretch get started ?,HowTo
Who lived on the shores of the Gitchee Gumee River ?,Fact
What did Tristan come back as ?,Fact
What country will hit the year 2 first ?,Fact
What colors make up a rainbow ?,Fact
What war did Johnny Reb and Billy Yank fight ?,Fact
Who is section manager for guidance and control systems at JPL ?,Fact
What is Goldfinger 's first name ?,Fact
What square is the geographical center of London ?,Fact
Which of the following famous people does not paint as a hobby ?,Fact
What is the most populated city in the world ?,Fact
How many pitchers occupy the shelf beside the crouching woman in Edgar Degas 's 1886 painting The Tub ?,HowTo
What is the cost of the drugs used in tuberculosis treatments ?,Fact
What does JESSICA mean ?,Definition
What famed gangland slaughter cut into the membership of Bugs Moran 's outfit ?,Fact
Ray Charles is best known for playing what instrument ?,Fact
Where did Victor Hugo spend his exile ?,Fact
"What was Nine Tailors , the television show from 1974 , about ?",Definition
How does the Elongated Man know a mystery is afoot ?,HowTo
What food of the three bears did Goldilocks eat ?,Fact
What is Boston Kreme ?,Definition
Who should I call to get a tour of the New York Stock Exchange ?,Fact
How many airline schools are there in the U.S. ?,HowTo
"What U.S. general died December 1 , 1945 , when his jeep collided with a truck ?",Fact
What is a swatch ?,Definition
What does Ouija mean ?,Definition
How many major Nazi leaders went on trial after the war at Nuremberg ?,HowTo
What kind of fish is a coney ?,Fact
What state did Helen Keller call home ?,Fact
What was the name of the director of the movie `` Jaws '' ?,Fact
What steps can be taken to prevent diabetes ?,Definition
What were the first words spoken on a film sound track ?,Definition
What year is etched on the Gold Medal of Excellence from the Paris Exposition depicted on a can of Campbell 's tomato soup ?,Fact
What country 's royal house is Bourbon-Parma ?,Fact
What film was Jude Law in ?,Fact
Who portrayed W.C. Fields in the film W.C. Fields and Me ?,Fact
What were the ceremony traditions like during the Elizabethian times ?,Fact
Which college did Dikembe Mutombo play basketball at ?,Fact
What is a fear of going to bed ?,Fact
Where did the saying `` rule of thumb '' come from ?,Fact
Why does sound travel quicker through water than air ?,Reason
How much money does the Sultan of Brunei have ?,HowTo
What country would you visit to ski in the Dolomites ?,Fact
What month 's third weekend is the Monterey Jazz Festival held on ?,Fact
What is the `` Global Economy '' ?,Definition
Who built the first successful stern wheel steamboat ?,Fact
What is a caul ?,Definition
Who was Hitler 's minister of propaganda ?,Fact
Who was the first doctor to successfully transplant a liver ?,Fact
What does the theory of quantum leaps mean in simpler terms ?,Definition
What is a bone marrow transplant ?,Definition
What is the difference between a classical and an acoustic guitar ?,Comparison
What African capital is named for a U.S. president ?,Fact
What is the name of a language spoken by the Sioux ?,Fact
What Mediterranean island is home to the first Club Med ?,Fact
What does an edentulous smile lack ?,Fact
What is a fear of jealousy ?,Fact
Where can you find the Venus flytrap ?,Fact
What is the largest sculpture in the world ?,Fact
When was John D. Rockefeller born ?,Fact
What building built in 18 contains 327 miles of book shelves ?,Fact
What is home banking ?,Definition
What William Makepeace Thackeray novel was made into a film by Stanley Kubrick ?,Fact
Who was the lawyer for Randy Steven Craft ?,Fact
How do hermit crabs reproduce ?,HowTo
Who is reputed to be the greatest maker of violins ?,Fact
How do you stop junk snail mail ?,HowTo
What future Soviet dictator was training to be a priest when he got turned on to Marxism ?,Fact
How long does James Bond like his eggs boiled ?,HowTo
What U.S. city 's skyline boasts the Gateway Arch ?,Fact
Where is Belize located ?,Fact
What 's the common name for a Japanese dwarf tree ?,Fact
What did Thomas Paine write ?,Fact
Who sued the Dannon yougurt company for using a character named Ron Raider for promotion ?,Fact
Who was the first jockey to ride two Triple Crown winners ?,Fact
What Lewis Carroll book introduced Humpty Dumpty to the world ?,Fact
Who wrote Brave New World ?,Fact
What state does Charles Robb represent ?,Fact
What is hydroelectricity ?,Definition
How many people are taller than 7 feet ?,HowTo
Who wrote Unsafe at Any Speed ?,Fact
How many islands make up Antigua ?,HowTo
How does an abacus work ?,HowTo
What causes rust ?,Definition
What is the fear of the computer called ?,Fact
What is a technique popularly used to detect birth defects ?,Fact
"What U.S. state boasts Stone Mountain , the world 's largest mass of exposed granite ?",Fact
What British commander surrendered to George Washington at Yorktown in 1781 ?,Fact
"What according to the Kinsey Institute , is the sexual preference of four percent of American males ?",Definition
"Who created the World Wide Web , WWW ?",Fact
What is the procedure called for drilling a hole in your skull to acheive a higher consciousness ?,Fact
What is the name of the president of Garmat U.S.A ?,Fact
"What was the name of the television show , starring Karl Madsen , that had San Francisco in the title ?",Fact
Who were leaders of the Byzantine empire ?,Fact
Who was the first President to appoint a woman to head a cabinet ?,Fact
What is splatterpunk ?,Definition
What is the orgin of xoxoxox ?,Definition
Who built the first pyramid ?,Fact
What southeast Asian country has the Wang River joining the Ping River at Tak ?,Fact
"What Italian city of 155 were Leonardo da Vinci , Michaelangelo , and Machiavelli all working in ?",Fact
What color tennis balls are used at Wimbledon ?,Fact
What is a 2-sided object called ?,Fact
Name a French fascist party .,Fact
Name the French historical period during the reign of Napoleon III .,Fact
What movie has made the most money ?,Fact
What is time ?,Definition
How many states have a lottery ?,HowTo
"What is the name of the largest city in Chile , South America ?",Fact
What are you caught in if a haboob blows up ?,Fact
What ratio of children of ages between two and eleven watch ` The Simpsons ' ?,Fact
How many cities are there in Utah ?,HowTo
What famous meat company went out of business because it became known that the underworld had been selling them kangaroo meat ?,Fact
How many visitors go to the Vatican each year ?,HowTo
What is the population of Mexico ?,Fact
How do you get silly putty out of fabric ?,HowTo
What is the best online games site ?,Fact
Why is the word `` abbreviation '' so long ?,Reason
What century did art 's Romantic Period begin in ?,Fact
How many spaces follow a period at the end of a sentence ?,HowTo
What is a cake of soap ?,Definition
In what year was the Berlin Wall erected ?,Fact
What is the weight of a teaspoon of matter in a black hole ?,Fact
What is the approximate weight of a teaspoon of matter in a black hole ?,Fact
What does MSG stand for ?,Definition
On what avenue is the original Saks department store located ?,Fact
Where does the song Anything Goes take place ?,Fact
Where was the first zoo in the U.S. ?,Fact
How far is Yaroslavl from Moscow ?,HowTo
What is April 's gemstone ?,Fact
What is the present Pope named ?,Fact
Who is the nebbish that is Marvel 's official mascot ?,Fact
What powdered soft drink mix went into space ?,Fact
What did the Chinese emperor present to the English soldier Gordon in recognition of his services in quelling rebellions ?,Fact
What is one of the languages spoken by the Sioux called ?,Fact
How many bytes are in a terabyte ?,HowTo
Who sang the song `` Hooked on a Feeling '' in the dancing baby episode of `` Ally Mcbeal '' ?,Fact
In what ways did Ivan IV support Russian expansion ?,Fact
Approximately how much does a teaspoon of matter weigh in a black hole ?,Fact
What country 's flag is field green ?,Fact
What sport is known for hooligans ?,Fact
"Who was the Columbia Pictures head who forged actor Cliff Robertson 's name on a $1 , 000 check ?",Fact
Who was Damocles ?,Fact
What sport was the first televised in the U.S. ?,Fact
Name Dondi 's adoptive grandfather .,Fact
When was the Congress of Vienna ?,Fact
What are the lyrics to `` Smelly Cat '' ?,Definition
How much folic acid should a pregnant woman get each day ?,HowTo
What year was the first automobile manufactured ?,Fact
How many colonies did Germany get to keep after World War I ?,HowTo
How many states have a `` lemon law '' for new automobiles ?,HowTo
Whose biography by Maurice Zolotow is titled Shooting Star ?,Fact
What concerts are held in New York this week ?,Fact
In the movie Groundshog Day what is the name of the character played by Andie MacDowell ?,Fact
What are the requirements for becoming a citizen of Australia ?,Definition
How old is Benny Carter ?,HowTo
What are the top ten all-time money making NFL teams ?,Fact
What were hairy bank notes in the fur trade ?,Fact
Where can I read about Chiang Kai-shek ?,Fact
What is idealab ! ?,Definition
What country borders the most others ?,Fact
What does the E stand for in the equation E=mc2 ?,Definition
"What river runs through Colorado , Kansas , and Oklahoma ?",Fact
Which airplane did Fawaz Younis hijack ?,Fact
What is Win Rah ?,Definition
Why is the moon different sizes and colors ?,Reason
"What college enlivens Hanover , New Hampshire ?",Fact
What does VCR stand for ?,Definition
How close a cousin was Franklin D. to Theodore Roosevelt ?,HowTo
Name a novel written by John Steinbeck .,Fact
Who was the first American citizen awarded the Albert Medal of the Society of Arts ?,Fact
What doctor is synonymous with footwear and foot care ?,Fact
How do boats float ?,HowTo
"What are the shoe sizes of O 'Neal , Jordan , and Mutombo , the NBA players ?",Fact
Who founded the Unification Church ?,Fact
How many zeros are there in a trillion ?,HowTo
"What was the name of the Crimean meeting of Roosevelt , Churchill , and Stalin ?",Fact
What are the only players eligible to score points in Roller Derby called ?,Fact
What are the statistics for drunken drivers in Maryland ?,Fact
What ill-fated American general dragged a bull terrier named Willie through World War II ?,Fact
What 's the score of a forfeited baseball game ?,Fact
Where does tuberculosis come from ?,Fact
Who invented the lawnmower ?,Fact
Where can I find lyrics for R&B ?,Fact
What is the name of David Letterman 's dog ?,Fact
What U.S. senator once played basketball for the New York Knicks ?,Fact
What are the titles of some R-Rated Sony Playstation games ?,Fact
What playing card symbolizes death ?,Fact
What is an urban legend ?,Definition
What is Li 'l Abner 's last name ?,Fact
How many liberty bells have there been ?,HowTo
What two countries are separated by the Bering Strait ?,Fact
What is Smartnet ?,Definition
What is a synonym for aspartame ?,Fact
Jackson Pollock is of what nationality ?,Fact
"What are vermicilli , rigati , zitoni , and tubetti ?",Definition
"Name the product that is `` at your grocer 's , at your fingertips . ''",Fact
"What architect originated the glass house designed the Chicago Federal Center had a philosophy of `` less is more , '' and produced plans that were the forerunner of the California ranch house ?",Fact
How many Russians have landed on the moon ?,HowTo
Which thrilled taste buds first - Snickers or 3 Musketeers ?,Fact
What animal do buffalo wings come from ?,Fact
What is the purpose of the SysRq key on my computer keyboard ?,Definition
When was Franklin D. Roosevelt stricken with polio ?,Fact
How do you find out what is allowed to claim as a contibution for income tax purposes ?,HowTo
How do you build a solar car for a high school experiment ?,HowTo
Where on the Internet can I get chemicals importers ?,Fact
What was the first country to put a second woman in space ?,Fact
"What was the 24-disc John Gabel Entertainer the first example of , in 1960 ?",Fact
What is the feudal system ?,Definition
Who shared a New York City apartment with Roger Maris the year he hit 61 home runs ?,Fact
What 's the geographic term for the submerged fringe of a continent ?,Fact
"What prison is found in Ossining , New York ?",Fact
What country has declared one-fifth of its territory off-limits to Russians ?,Fact
What is the main application of sodium hydrosulfite ?,Definition
Name the story by Chris Van Allsburg in the which a boy tries to become a great sailor ?,Fact
What are the components of polyester ?,Fact
What product features a frog that says `` dig 'em '' ?,Fact
Who is the director of intergovernmental affairs for the San Diego county ?,Fact
What Hall of Fame pitcher started three World Series Games for the New York Yankees in 1962 ?,Fact
What is the longest river in the United States ?,Fact
What does the channel ESPN stand for ?,Definition
What river is Windsor Castle on ?,Fact
What is the best brand for a laptop computer ?,Fact
"Where is Natchitoches , Louisiana ?",Fact
What do pointed letters mean to a handwriting analyst ?,Definition
What political party is Sinn Fein a part of ?,Fact
What was Franklin Roosevelt 's program for economic recovery called during the Great Depression ?,Fact
What is the name of a Greek god ?,Fact
What 's the capital of Taiwan ?,Fact
What did Englishman John Hawkins begin selling to New World colonists in 1562 ?,Fact
What is the starting salary for beginning lawyers ?,Fact
What was the man 's name who was killed in a duel with Aaron Burr ?,Fact
What did Louis Cartier invent for aviator Santos Dumont in 1940 ?,Fact
What will the California gas tax be in the year 2000 ?,Fact
What city is served by Tempelhol Airport ?,Fact
Who directed the first Woody Woodpecker cartoon ?,Fact
CNN is an acronym for what ?,Definition
What is the origin of the name Igor ?,Definition
What was the first Gilbert and Sullivan opera ?,Fact
"What two historical figures , who fought each other in a famous battle , each have a food named after them ?",Fact
Where in the United States do people live the longest ?,Fact
What country in 1998 had the most suicides regardless of population size ?,Fact
What is the price for tuberculosis drugs ?,Fact
What was the first minimum wage ?,Fact
What is the difference between a college and a university ?,Comparison
What substance did Joseph Priestley name for its ability to erase pencil marks ?,Fact
What are the limits to `` self-defense ? '',Definition
How can I get my product licensed by the NBA ?,HowTo
What fast food is prepared with a `` secret blend of 11 herbs and spices ? '',Fact
What effect does a prism have on light ?,Definition
How many people lived in Nebraska in the mid 1900s ?,HowTo
What is software piracy ?,Definition
What year was Janet Jackson 's first album released ?,Fact
How do you calculate the change in enthalpy of a chemical reaction ?,HowTo
Name of heroine in `` Scruples '' ?,Fact
How many movies has Drew Barrymore been in ?,HowTo
What TV character sired a horse named Thunder ?,Fact
What are some children 's rights ?,Definition
What is the name of the planet that the Ewoks live on ?,Fact
What baseball player was known as Charley Hustle ?,Fact
Who killed Lee Harvey Oswald ?,Fact
What 's the symbol for the zodiacal sign Gemini ?,Fact
Who was Red Grange ?,Fact
What hockey team did Wayne Gretzky play for ?,Fact
What series of trials followed World War II ?,Fact
What Ivy League school plays its home games at Palmer Stadium ?,Fact
Who invented the fax machine ?,Fact
How wide is the Atlantic Ocean ?,HowTo
How is the element strontium purified ?,HowTo
What was the eighth day following the Nones in each month of the Roman calendar called ?,Fact
Who wrote the poem that starts `` I love your lips when they 're wet with wine and red with a warm desire '' ?,Fact
What singer 's theme song was When the Moon Comes over the Mountain ?,Fact
How did Peabody and Sherman travel through time ?,HowTo
Who was Santos-Dumont ?,Fact
How many meters are in a mile ?,HowTo
What is a fear of money ?,Fact
About how many soldiers died in World War II ?,Fact
Who is Rocky 's and Bullwinkle 's ever-lost friend ?,Fact
Who is Robin Williams ?,Fact
Who thought he 'd never see a poem lovely as a tree ?,Fact
Who created `` The Muppets '' ?,Fact
How do you make dumplings ?,HowTo
"What celestial body has a diameter of 864 , 000 miles ?",Fact
The operating system that runs on IBM-compatible machines is called what ?,Fact
What was the Ventura County police department that seized the county 's largest amount of cocaine ever ?,Fact
What is the name of the Family Circus 's dog ?,Fact
What did Martin Luther post on the church door at Wittenberg ?,Fact
What is the meaning of the name Kathryn ?,Definition
Name one of the major gods of Hinduism .,Fact
What country borders Denmark to the south ?,Fact
What should you do for an ankle sprain ?,Definition
"What dropped 1 , 313 feet in 1980 ?",Fact
What is the name of the vaccine for chicken pox ?,Fact
What two US biochemists won the Nobel Prize in medicine in 1992 ?,Fact
What record company was formed by Herb Alpert and Jerry Moss ?,Fact
Where do you find the answers for all these questions ?,Fact
What is thermal equilibrium ?,Definition
"What is a term for behavior , appearance , or expression that violates the accepted standards of sexual morality ?",Fact
What fast-food magnate 's initials graced the left sleeve of the San Diego Padres ' baseball uniforms in 1984 ?,Fact
What is the origin of the typing practice sentence `` Now is the time for all good men to come to the aid of their country '' ?,Definition
How many neurons are in the human brain ?,HowTo
What is a fear of reptiles ?,Fact
What does Knight Ridder publish ?,Fact
What city is . KDGE Radio located in ?,Fact
What can one see in Reims ?,Fact
How is an executioner determined ?,HowTo
What city was Bobby Kennedy assassinated in ?,Fact
What 's the highest possible bid in Contract Bridge ?,Fact
What is the medical condition of hypertension ?,Definition
What London museum features a Chamber of Horrors ?,Fact
What city is served by McCarren Airport ?,Fact
How many lakes are there on the Earth ?,HowTo
What is Doegs ?,Definition
Who else was considered for the role of Luke Skywalker when George Lucas was casting for Star Wars ?,Fact
How long does a fly live ?,HowTo
What two major world religions began in India ?,Fact
How many pounds are there in a stone ?,HowTo
What kind of poisoning is known as plumbism ?,Fact
What is the greatest source of `` white '' magic in the Marvel Universe ?,Fact
How do I find if my relatives were on the Trail of Tears ?,HowTo
What amount of folic acid should an expectant mother take daily ?,Fact
How do you select wine ?,HowTo
Who was the king who signed the Magna Carta ?,Fact
"How many miles is it from Frankfurt , Germany to Salzburg , Austria ?",HowTo
How many chairs are shown in Vincent Van Gogh 's 188 work The Artist 's Room in Arles ?,HowTo
What is a fear of stings ?,Fact
Jude Law was in what movie ?,Fact
What state on the Gulf of Mexico has its lowest point five feet below sea level ?,Fact
What was the name of Robert Fulton 's most famous steamboat ?,Fact
Where can I find a case on Americans with Disabilities Act of 199 ?,Fact
Who is the leader of India ?,Fact
Who is the prophet that is most connected to the Dead Sea ?,Fact
What are the chances of pregnacy if the penis does not penetrate the vagina ?,Fact
What is infomatics ?,Definition
What is the purpose of BIOS ?,Definition
Where is the Keck telescope ?,Fact
What is the name of the kids ' show from Canadian Public TV with the singing pineapple ?,Fact
"Where are the apartments in Saint John , New Brunswick ?",Fact
Who wrote `` The Pit and the Pendulum '' ?,Fact
What country did the Mau Mau Uprising take place in ?,Fact
What are some good medical sites for information ?,Fact
What does a resurrectionist steal ?,Fact
Why did the Shea & Gould law firm leave Los Angeles ?,Reason
What is the best art and design school in the world ?,Fact
What two vegetables are combined in succotash ?,Fact
Who is the Incredible Hulk in reality ?,Fact
What does NASA stand for ?,Definition
Which infectious disease kills the most people worldwide ?,Fact
What month did the Edmund Fitzgerald sink ?,Fact
What manufacturers are there in Texas ?,Fact
Who are the presidents of Mexico and Indonesia ?,Fact
Who played Al Jolson in the Jolson Story ?,Fact
What is a pig in a poke ?,Definition
Where were the 196 Summer Olympics held ?,Fact
Where is Los Vegas ?,Fact
Name the country which Honecker lived in .,Fact
What U.S. state are the Finger Lakes in ?,Fact
What is a cullion ?,Definition
What are the ten safest American cities for pedestrians ?,Fact
What TV detective did Craig Stevens play ?,Fact
What are the most common causes of death in the U.S. ?,Definition
Where can I find a picture of a Blue Meanie ?,Fact
What university fired Angela Davis ?,Fact
What U.S. state does the Continental Divide leave to enter Canada ?,Fact
In the past 8 years who have the MVP players for the NHL been ?,Fact
"In AD 999 , what sort of celebrations , fears , were there ?",Fact
Who played Emperor Palpatine in Star Wars ?,Fact
What 's the name of the Wilkes plantation in Gone with the Wind ?,Fact
"Why is the universe flat , if it started by an explosion , shouldn 't it be a sphere ?",Reason
Where is the Statistical Abstract of the United States online ?,Fact
What is barnstorming ?,Definition
What 's the dumbest domesticated animal ?,Fact
What was the importance of Magellan ?,Definition
When was the Brandenburg Gate in Berlin built ?,Fact
What do I have to do to get good grades in school ?,Definition
"Whose husbands have included Conrad Hilton Jr. , and Michael Wilding ?",Fact
What does the number `` 5 '' stand for on FUBU clothing ?,Definition
Who is King in Alley Oop 's home of Moo ?,Fact
What four tastes can a human distinguish ?,Fact
What is `` the airline built for professional travelers '' ?,Fact
What two vessels fought the first sea battle between iron-covered ships ?,Fact
How much of the silver production is manufactured by independent silversmiths ?,HowTo
What percentage of the silver production is done by independent silversmiths ?,Fact
What is the origin of the term `` buffalo wings '' that is used as a menu item in bars across the nation for chicken wings in a spicey sauce ?,Definition
What date is Boxing Day ?,Fact
How many inches tall is Stuart Little at birth ?,HowTo
What 1953 film won Frank Sinatra a best supporting actor Oscar ?,Fact
How many Stradivarius violins were ever made ?,HowTo
What type of childhood did Jules Verne have ?,Definition
Who invented the stock ticker in 1870 ?,Fact
What is a leper ?,Definition
What was Einstein 's birthplace ?,Fact
What was George Washington afraid of ?,Fact
What century 's the setting for TV 's The Adventures of Robin Hood ?,Fact
Who wrote the Bible ?,Fact
What are the top 5 fiction books of all time ?,Fact
What are the `` Star Wars '' satellites ?,Definition
Who is Henry Butler ?,Fact
What debts did Qintex group leave ?,Fact
"Which U.S. President is buried in Washington , D.C. ?",Fact
What is the term for someone who hates mankind ?,Fact
What did San Francisco 's Milt Harper grow that measured 24 inches from tip to tip in 1974 ?,Fact
What college did Dikembe Mutombo play basketball for ?,Fact
Where are the Austerlitz and Victor Hugo subway stops ?,Fact
Where did Ty Cobb grow up ?,Fact
What is a philanthropist ?,Definition
What is a portal ?,Definition
What Tom Wolfe book is about the Mercury astronauts ?,Fact
What cooking oil has `` corn goodness '' ?,Fact
"What is the per-capita income of Colombia , South America ?",Fact
How many types of cheese are there in France ?,HowTo
How many `` eyes '' does a coconut have ?,HowTo
How many websites are there in the world ?,HowTo
What is the term that describes a word where only one usage has been recorded in all literature ?,Fact
Who made the first airplane ?,Fact
What measures did Clinton take to avoid the draft ?,Fact
What are `` darning needles '' and `` horse stingers '' better known as ?,Fact
How many points is a disk in the center hole worth in Crokinole ?,HowTo
How do websites like Yahoo and Excite make money ?,HowTo
What general direction does the journey in Around the World in 80 Days proceed in ?,Fact
How do they produce vitamins ?,HowTo
"The lawyer who represented Randy Craft , what was his name ?",Fact
What do penguins eat ?,Fact
What organization is the Security Council a part of ?,Fact
What is New England 's highest mountain ?,Fact
What TV station did Mary Richards work for ?,Fact
What does idle mean ?,Definition
"What was the claim to fame of the football game that saw Fordham defeat Waynesburg State 12601 on September 3 , 1939 ?",Definition
What is a serigraph ?,Definition
What football bowl game 's first queen was Hallie Woods ?,Fact
Who was the first black to be head coach of a major league pro sports team ?,Fact
"Who is John Macarthur , 1767-1834 ?",Fact
What year did the War of 1812 begin ?,Fact
What racehorse won an Associated Press poll as the greatest horse of the 20th century ?,Fact
"What are the words to the cd Eminem 's , or slim shady , `` My Name Is '' ?",Definition
What does Final Four refer to in the sports world ?,Fact
Who is Peter Weir ?,Fact
What medium is Stuart Hamblen the first singing cowboy in ?,Fact
What is the meaning of `` subaru ? '',Definition
How many verses are in the Bible ?,HowTo
What is endometriosis ?,Definition
What is a geoscientist ?,Definition
What robust U.S. President imported his own instructor after seeing a judo match ?,Fact
What are all the different types of pizza ?,Fact
From what cause does tuberculosis stem ?,Definition
In what nation is Edessa located nowadays ?,Fact
Name a country that is developing a magnetic levitation railway system ?,Fact
What does BTU mean ?,Definition
What government department did The Untouchables work for ?,Fact
"What drink is made up of rum , coconut milk and pineapple ?",Fact
What is the VDRL test of blood ?,Definition
What seven digits follow the area code in the number for long distance information ?,Fact
What was the player 's name who played nose tackle for the Eagles in Super Bowl XV ?,Fact
Where is the largest dam in the world ?,Fact
Who held the endurance record for women pilots in 1929 ?,Fact
What did Andy Hardy 's father do for a living ?,Fact
Independent silversmith 's account for what percentage of silver production ?,Fact
Why is hockey so violent ?,Reason
In what part of the world is Mozambique ?,Fact
Who are Woody Woodpecker 's niece and nephew ?,Fact
What film opens with an assassin tumbling from the Seattle Space Needle ?,Fact
Who created Maudie Frickett ?,Fact
What is a leaky heart valve ?,Definition
How can I give myself a French manicure ?,HowTo
Who was the first English circumnavigator of the globe ?,Fact
What is the definition of the Scrabble word ` syzygy ' ?,Definition
What is the salary of a U.S. Representative ?,Fact
Who made the largest cocaine seizure in Ventura County history ?,Fact
What man-made waterways is 1.76 miles long ?,Fact
Who liberated 19th century Sicily and Naples ?,Fact
On what river is Strasbourg built ?,Fact
"What 's the maximum length , in inches , of a first baseman 's glove ?",Fact
What country is located at 13 degrees North latitude and 10 degrees East longitude ?,Fact
Where are the busiest ports in the world ?,Fact
What is the pig population of the world ?,Fact
How does the car in `` Christine '' become possessed ?,HowTo
What city does McCarren Airport serve ?,Fact
What is the most number of goals scored by a single team in an NHL hockey game ?,Fact
What are the Low Countries ?,Definition
What rabbit got its name because its ears resembled those of a jackass ?,Fact
Aspartame is also called what ?,Fact
What is a fear of trees ?,Fact
What actor has a tattoo on his right wrist reading Scotland Forever ?,Fact
How many dollars a day did Arthur Frommer say you could get by on in Europe in 1968 ?,HowTo
What holidays or observances are celebrated in Italy ?,Fact
Who appointed the chair of the Federal Reserve ?,Fact
Why do people shake hands to show friendliness ?,Reason
"In a computer , what does SCSI mean ?",Definition
"To get the most caffeine , what soda should I drink ?",Fact
Why do they call it a `` funny bone '' ?,Reason
"Where can I find up-to-date coastal ocean surface temperature information , preferably along North America and the Caribbean ?",Fact
What exactly is radiation ?,Definition
What are the two cities in Dicken 's `` A Tale of Two Cities '' ?,Fact
Who is Samuel F. Pickering ?,Fact
What English queen had six fingers on one hand ?,Fact
What river runs through Liverpool ?,Fact
What kind of nuts are used in marzipan ?,Fact
When did Mount St. Helens last erupt ?,Fact
What does a polyorchid man have at least three of ?,Fact
"What exactly , specifically does sleep do for you ?",Definition
When was child labor abolished ?,Fact
How many three-letter permutations can be made from the four letters : c ?,HowTo
What time of year is air travel the heaviest ?,Fact
What does a red flag mean in auto racing ?,Definition
What 's the longest river in Canada ?,Fact
What is osteichthyes ?,Definition
What tennis player has the nickname `` Nasty '' ?,Fact
How do you do a topic outline ?,HowTo
What non-conformist abstract painter was dubbed Jack The Dripper by Time ?,Fact
How many furlongs are there in a mile-and-a-quarter recetrack ?,HowTo
How many millimeters are in a mile ?,HowTo
How big is a baby bald eagle ?,HowTo
What color is most often used to symbolize truth ?,Fact
Stuart Hamblen is considered to be the first singing cowboy of what ?,Fact
What was the Great Britain population from 1699-172 ?,Fact
How can a foreigner get a U.S. Social Security card ?,HowTo
What is the term for the sum of all genetic material in a given organism ?,Fact
What is the best-selling television soundtrack of all time ?,Fact
What mountain range marks the border of France and Spain ?,Fact
"What late-night TV show features Larry , Bud , Melman and Toast on a Stick ?",Fact
What is the fastest computer ?,Fact
Who founded the modern theory of probability ?,Fact
What 's the term for a limestone deposit rising from the floor of a cave ?,Fact
How many people did Randy Craft murder ?,HowTo
Who 's The King of Swing ?,Fact
What bestselling modern poet was the co-founder of the famous City Lights Bookshop in San Francisco ?,Fact
What does the term glory hole mean ?,Definition
What South Vietnamese president was assassinated by his generals in 1963 ?,Fact
What 's the staff of life mentioned in the Lord 's Prayer ?,Definition
How old is too old for a child to not be talking ?,HowTo
When was the Hoover Dam constructed ?,Fact
What ability has the silkworm moth lost through domestication ?,Fact
What do you need to do to marry someone in jail ?,Definition
How many tenths of the Earth 's surface lie under water ?,HowTo
What is the Pennsylvania state income tax rate ?,Fact
How does marl form and what mineral does it contain ?,HowTo
Who won the 1968 California Democratic primary ?,Fact
Who spoke the only word in Mel Brooks 's Silent Movie ?,Fact
What is a fear of sourness ?,Fact
What was Thatcher 's first name ?,Fact
How do I get my LAN card activated so that it can hook up to another computer without using a HUB ?,HowTo
What do insects do through their spiracles ?,Definition
Name the fast food chain with the golden arches .,Fact
What are the languages spoken by the natives in Afghanistan ?,Fact
What is the origin of Boxing Day ?,Definition
"What Robert Louis Stevenson novel was inspired by Deacon William Brodie , a cabinetmaker by day and burglar by night ?",Fact
What is a fear of rejection ?,Fact
What was the rallying cry of the early American revolutionaries ?,Definition
Who was the first Russian astronaut to walk in space ?,Fact
What is the best selling computer model ever ?,Fact
What is a fear of food ?,Fact
Who wrote ` Dubliners ' ?,Fact
What is the life expectancy of an elephant ?,Fact
What are the short- and long-term effects of underage drinking ?,Definition
What 's the claim to fame of night watchman Frank Wills ?,Definition
Name of King Arthur 's sword ?,Fact
What 1981 Candice Bergen-Jacqueline Bisset movie was a remake of 1943 's Old Acquaintance ?,Fact
Who is Malaysia 's 43rd prime minister ?,Fact
Who founded the first aerodynamics laboratory in 1912 ?,Fact
What is the fare cost for the round trip between New York and London on Concorde ?,Fact
What is a bone marrow transplant meant for ?,Definition
What does the name Calder mean ?,Definition
Who said `` Give me liberty or give me death '' ?,Fact
What is the location of McCarren Airport ?,Fact
What does the abbreviation OAS stand for ?,Definition
What is the nickname of the Cleveland Indians ?,Fact
What Frederick Forsyth novel chronicles the toppling of an African government by mercenaries ?,Fact
"What makes Black Hills , South Dakota a tourist attraction ?",Definition
What was the name of Baretta 's cockatoo ?,Fact
By how much will the California state gas tax rise by the year 2000 ?,Fact
What 's Japan 's largest car manufacturer ?,Fact
Name of the powerful white trader in Conrad 's `` Heart of Darkness '' ?,Fact
How long is the border between Canada and the 48 conterminous states ?,HowTo
"What do you call a date that contains sequencing numbers , like 9-8-98 ?",Fact
What color is the cross on Switzerland 's flag ?,Fact
What is the largest island in the Mediterranean Sea ?,Fact
What was Joe Namath 's first contract worth ?,Fact
Where is Rider College ?,Fact
Where was chop suey invented ?,Fact
How can I gain access to a spy satelite ?,HowTo
What is Archimedes famous for ?,Definition
Where does dew come from ?,Fact
How old was Lucille Ball when the show `` I Love Lucy '' premiered ?,HowTo
What 's the most delicate-tasting member of the onion family ?,Fact
"What landmark Italian restaurant can be found at 239 West 48th Street , New York City ?",Fact
What do you call a book of quotes ?,Fact
How many points is a bullseye worth in darts ?,HowTo
What are some mythology websites ?,Fact
What is cunnilingus ?,Definition
Rotary engines were manufactured by which company ?,Fact
"What 1942 espionage movie reunited director John Huston with Maltese Falconers Humphrey Bogart , Mary Astor , and Sidney Greenstreet ?",Fact
What nationality is Ileana Cotrubas ?,Fact
What is object-oriented design ?,Definition
Why does a woman have to be a virgin to be a nun ?,Reason
What is the population of Kansas ?,Fact
Who invented the pull-tab opener on cans ?,Fact
What is the name of the deranged super-criminal Otto Octavius uses ?,Fact
Whose acceptance speech of more than 3 minutes prompted a time limit on Academy Award thank-yous ?,Fact
How much Coca Cola is drunk in one day in the world ?,HowTo
Name the tree growing company .,Fact
What is Dr. Seuss ' most popular book ?,Fact
How does food color affect how you think it will taste ?,HowTo
Where did the world come from ?,Fact
What does verdandi mean ?,Definition
What animal dined on bread and oysters with a carpenter ?,Fact
What island group is Guadalcanal a part of ?,Fact
Who declared : `` I think I 'll go out and milk the elk '' ?,Fact
What is the origin of `` barbeque '' ?,Definition
How do you clean badly tarnished brass ?,HowTo
How many e-commerce companies are started every day ?,HowTo
How can you define time ?,HowTo
What 's the only East european country not tied to the ruble ?,Fact
What is Judy Garland 's date of birth ?,Fact
What does HIV stand for ?,Definition
What is Shirley MacLaine known as ?,Fact
How is plastic made ?,HowTo
"What are the 7 principles of learning from the Institute for Research on Learning , IRL ?",Fact
What book was F. Scott Fitzgerald working on when he died in Hollywood in 194 ?,Fact
How do ants have sex ?,HowTo
Which former Ku Klux Klan member won an elected office in the U.S. ?,Fact
What is the length of border between the Ukraine and Russia ?,Fact
What is HDLC ?,Definition
What joins white wine to put the spritz in a Spritzer ?,Fact
What is a nematode ?,Definition
What is the meaning of `` CPR '' ?,Definition
What color are seven of every 10 houses in the U.S. ?,Fact
What does a phobophobe fear ?,Fact
What is capitalism according to Max Weber ?,Definition
What country has the highest arson rate ?,Fact
What color beans did the ancient Romans refuse to eat ?,Fact
What do sailors use to measure time ?,Fact
Who was the actor who played Sam in the movie Casablanca ?,Fact
What city does Orly Airport serve ?,Fact
Where did Woodstock take place ?,Fact
What 's the most popular form of gambling with women in Las Vegas ?,Fact
What task does the Bouvier breed of dog perform ?,Fact
What is the average time to kiss somene ?,Fact
What are the top five oil-producing countries in the world ?,Fact
What New Orleans D.A. claimed : `` My staff and I solved the assassination weeks ago '' ?,Fact
Where can one find Rider College ?,Fact
How much caffeine is in a 16 oz cup of coffee ?,HowTo
Why do oceans contain salt water instead of fresh water ?,Reason
What is Bella Abzug 's sartorial trademark ?,Fact
"What was the real name of writer Ross Macdonald , creator of the hero Lew Archer ?",Fact
"What spider makes a superb pet , even said to recognize its master ?",Fact
What does the word affiant mean ?,Definition
What vehicles are raced in the Tour de France ?,Fact
How big is Australia ?,HowTo
What does it take to be a hero ?,Fact
How do they type Chinese characters on a keyboard ?,HowTo
What animal causes the biggest threat to humans ?,Fact
What is a fear of ruin ?,Fact
What countries have the most auto thefts ?,Fact
Who makes chicken `` finger lickin '' good ?,Fact
What director portrayed the commandant of the POW camp in 1953 's Stalag 17 ?,Fact
What are the names of Jacques Cousteau 's two sons ?,Fact
What British TV series inspired All in the Family ?,Fact
What does the word terrorism mean ?,Definition
Who accompanied Space Ghost on his missions ?,Fact
What does N est-ce pas mean ?,Definition
"Name the 5 words that use all of the letters in the alphabet , except Q , with no repeats .",Fact
What is the origin of the word `` tampon '' ?,Definition
What World War II leader declared : `` The blow has been struck '' ?,Fact
How can I get a CCT diagram ?,HowTo
Who was Israel 's first prime minister ?,Fact
What is the most popular sports car color ?,Fact
What country boasts Ismail 's Palace and the Palace of King Farouk ?,Fact
What Broadway show introduced the song Some Enchanted Evening ?,Fact
What is a plant supplement ?,Definition
Where could I go to take a ride on a steam locomotive ?,Fact
What product did William Horlick discover and produce ?,Fact
"When not adventuring on Rann , what does Adam Strange call his profession ?",Fact
How do you do a bibliography page ?,HowTo
What occupation has the highest divorce rate ?,Fact
What drink contains as many types of rum as possible ?,Fact
Where is the Virtual Desk Reference ?,Fact
How loud is thunder ?,HowTo
What California governor said : `` Inaction may be the highest form of action '' ?,Fact
What is an ecological niche ?,Definition
Who is Desmond Tutu ?,Fact
Who was the first person to study the stars ?,Fact
Where did the term fireplug come from ?,Fact
What facial feature did Walt Disney sport that none of Disney 's employees is allowed to ?,Definition
"Who is the author of the book , `` The Iron Lady : A Biography of Margaret Thatcher '' ?",Fact
What are the top 10 colleges in the United States in the field of engineering ?,Fact
"How much would a black-and-white 1-cent stamp be worth , Thomas Jefferson on it ?",HowTo
What is the probability that at least 2 out of 25 people will have the same birthday ?,Fact
Where is the bridge over the river Kwai ?,Fact
How do vending machines tell if your dollar is a 1 or a 5 ?,HowTo
How many people did the United Nations commit to help restore order and distribute humanitarian relief in Somalia in September 1992 ?,HowTo
How many elephants are left on earth ?,HowTo
What is a softball made of ?,Fact
What `` little red car '' is mentioned in pop singer Prince 's hit song ?,Fact
Who did Doris Day mean when she said : `` I call him Ernie because he 's certainly no Rock '' ?,Fact
What kind of species is the monster in the film `` Jaws '' ?,Fact
When was the first practical commercial typewriter marketed ?,Fact
What is a drought ?,Definition
What are the benefits of home school ?,Definition
"What Scandinavian country covers 173 , 732 square miles ?",Fact
What is the best-selling book of all time ?,Fact
"What do Hank Aaron , Jimmy Stewart , and Howard K. Smith have in common ?",Definition
What are the first six words of Dickens 's A Tale of Two Cities ?,Fact
How long would it take to get from Earth to Mars ?,HowTo
Where can I get mailing lists ?,Fact
What city boasts the Billingsgate fishmarket ?,Fact
Who is the owner of CNN ?,Fact
How long was the OJ Simpson trial ?,HowTo
What country lies directly south of Detroit ?,Fact
Where did surfing originate ?,Fact
"Why was Henry Ford 's first automobile calleda Model T & his second type of automobile , introduced in 1928 , called a Model A ?",Reason
How do companies cut paper so thin ?,HowTo
What is the tallest mountain ?,Fact
What is `` the computer for the rest of us '' ?,Definition
What nuclear process takes place in an H-bomb ?,Definition
What 's the maximum number of clubs a golfer may use in a round ?,Fact
What card suit originally represented the peasant class ?,Fact
What 's the Hungarian word for pepper ?,Fact
What does the Peugeot company manufacture ?,Fact
How many different countries export coffee ?,HowTo
What is a fear of everything ?,Fact
How many continents are there ?,HowTo
Which mayonnaise refers to itself as `` real '' mayonnaise ?,Fact
What is office automation ?,Definition
What instrument does Benny Carter play ?,Fact
What knighted actor narrates TV 's The World at War ?,Fact
What eating utensils are used for handicapped kids ?,Fact
What football coach 's story was told in the movie Run to Daylight ?,Fact
What businesses in Alaska were affected by the Exxon Valdez oil spill ?,Fact
What does Lloyd 's Lutine Bell announce ?,Definition
When did the Chernobyl nuclear accident occur ?,Fact
Where did the Maya people live ?,Fact
What do opposite faces of a die always add up to ?,Fact
What was the name of Randy Craft 's lawyer ?,Fact
What is `` cat scratch fever '' ?,Definition
Kosovo is a province of what country ?,Fact
What New England state covers 5.9 square miles ?,Fact
What is the abbreviation for Original Equipment Manufacturer ?,Definition
Hitler came to power in Germany in what year ?,Fact
Who markets Spaghetti-o 's ?,Fact
What did the ancients call the four great elements ?,Fact
Where are the Haversian canals ?,Fact
What animal 's tail is called a brush ?,Fact
How many people die from tuberculosis each year ?,HowTo
What were the names of the three ships used by Columbus ?,Fact
Who co-starred with Julie Andrews in Mary Poppins ?,Fact
Where can I find the status of my tax return ?,Fact
What is the horsepower of the shuttle boosters ?,Fact
What is predicted to topple over between 2010 and 2020 ?,Fact
How do wasps make their nests ?,HowTo
When was General Manuel Noriega ousted as the leader of Panama and turned over to U.S. authorities ?,Fact
How many years of bad luck follow breaking a mirror ?,HowTo
What kind of crystals exist ?,Fact
Which is the best opening move in chess ?,Fact
What do ladybugs eat ?,Fact
Who was Ezra Taft Benson ?,Fact
What is the Taj Majal made of ?,Fact
Where is the Kentucky Horse Park ?,Fact
What Argentine boxer was shot dead outside a Nevada brothel in May ?,Fact
What country boasts the most cars per mile of road ?,Fact
How come a doughnut has a hole in it ?,HowTo
What happened to Pompeii ?,Definition
What does a farrier put shoes on ?,Fact
Name a Sioux language .,Fact
What does saliva consist of ?,Fact
What is Jimmy Olsen 's full name ?,Fact
How many people have died of tuberculosis ?,HowTo
What is another name for nearsightedness ?,Fact
How many days does a typical mayfly live ?,HowTo
"What famous New York City mayor wrote the hit song , `` Will You Love Me in December as You Do in May ? ''",Fact
What Russian city used to be called St. Petersburg and Petrograd ?,Fact
What is the definition of a witch ?,Definition
What are the cookies in Internet ?,Definition
How many votes in Congress dissented from the 1941 declaration of war with Japan ?,HowTo
Who is Pia Zadora 's millionaire husband and mentor ?,Fact
What U.S. President was the first to breed mules ?,Fact
What is the difference between molecules and compounds ?,Comparison
What astronomer-architect designed the present St. Paul 's Cathedral in London ?,Fact
Why are so many umbrellas black ?,Reason
What feminist wrote Sexual Politics and Flying ?,Fact
Who was the first American world chess champion ?,Fact
What is the zodiac sign for August 14 ?,Fact
Who was the last woman executed in England ?,Fact
How many school districts are there in the United States ?,HowTo
How long did the Paris Commune hold out for against the rest of France ?,HowTo
What university football team did O.J. Simpson take to the Rose Bowl ?,Fact
What does snafu stand for ?,Definition
What color is Chablis ?,Fact
What NFL team did Vince Lombardi end his coaching career with ?,Fact
How much iron is in your body ?,HowTo
What is the difference between fatalism and determinism ?,Comparison
When did Thatcher become prime minister ?,Fact
What are some good fractal web sites ?,Fact
What country imposed the Berlin Blockade in 1948 ?,Fact
What future movie treat was introduced to American colonists in 1603 by Native Americans ?,Fact
How do cameras take pictures ?,HowTo
How much do drugs to treat tuberculosis cost ?,HowTo
Who is Prince Naseem Hamed ?,Fact
What kind of habitat does the scorpion live in ?,Fact
How many logarithmic scales are there on a slide rule ?,HowTo
Where is Webster University ?,Fact
What sports magazine has the largest circulation ?,Fact
What is the legal blood alcohol limit for the state of California ?,Fact
How hot should the oven be when making Peachy Oat Muffins ?,HowTo
How old is Britney Spears ?,HowTo
Where can I get piano music for the Jamiroquai song Everyday for the midi ?,Fact
Why is Microsoft 's Windows 3 such a successful computer program ?,Reason
What country 's capital was formed when Pesth and Buda merged ?,Fact
What is the origin of U.S. Army sergeant 's stripes ?,Definition
What is proposition 98 about ?,Definition
What town was the setting for The Music Man ?,Fact
What was Simple Simon fishing for in his mother 's pail ?,Fact
What did Woody Allen call the Japanese gangster film he dubbed into English as a comedy ?,Fact
Why does a candle go out when we blow on it ?,Reason
What title does comedian Henry Youngman claim ?,Fact
What is `` the taste that beats the others cold '' ?,Fact
Who made the first airplane that could fly ?,Fact
"What kind of sports did they play in the years 1642-1649 , the English Civil War time ?",Fact
"Where can I find scientific data , `` research papers , '' on textile engineering ?",Fact
What makes salt ?,Definition
How many people die from snakebite poisoning in the U.S. per year ?,HowTo
How high is the city of Denver ?,HowTo
Who was International Olympic Committee chairman at the 1936 Summer Games ?,Fact
When was Florida admitted into the Union ?,Fact
What company has built more than 2.5 billion little green houses since 1935 ?,Fact
How many times a year does the American Gourd Society publish The Gourd ?,HowTo
Where can I read about Abraham Lincoln ?,Fact
What will the increase be in the California gas tax by 2000 ?,Fact
How far is the longest hole in 1 on any golf course and where did it happen ?,HowTo
What whisky is `` known by the company it keeps '' ?,Fact
What appointments secretary to Richard Nixon went to jail ?,Fact
Who released the Internet worm in the late 1980s ?,Fact
What is the name of the American who was captured when his plane went down over Syrian-held Lebanon ?,Fact
Where does the expression `` cloud nine '' come from ?,Fact
What is lung cancer ?,Definition
What school does Tom attend in Tom Brown 's School Days ?,Fact
"What basketball player is credited with 23 , 924 rebounds ?",Fact
How big is a normal size penis for a 15-year-old ?,HowTo
What does Playboy title its `` continuing dialog on contemporary issues between Playboy and its readers '' ?,Fact
How many American soldiers remain unaccounted from the Vietnam war ?,HowTo
"Where can I find a tape or book to help me say , write and understand Japanese ?",Fact
How many cables support the main span of the Golden Gate Bridge ?,HowTo
How much did Manchester United spend on players in 1993 ?,HowTo
What was the birthplace of Edgar Allen Poe ?,Fact
Why were red M&Ms discontinued then brought back ?,Reason
What does it take to become a lawyer ?,Fact
What American sergeant lost both of his hands in combat during World War II and then went on to act in a single movie for which he won two Oscars ?,Fact
Who invented the fountain ?,Fact
What room did W.C. Fields keep his library in ?,Fact
What causes an earthquake ?,Definition
What Batman character tools around on a Batcycle ?,Fact
What are the main blood vessels ?,Fact
What does `` saute '' mean ?,Definition
Where can I find the schematics to the windshield wiper mechanism ?,Fact
What type is a snail ?,Fact
Who was Sherlock Holmes 's archenemy ?,Fact
Where is `` Global Schoolhouse '' ?,Fact
How many years of schooling after highschool does it take to become a neurosurgeon ?,HowTo
What are the top vegetable crops in the world ?,Fact
What volcano showers ash on Sicily ?,Fact
Where are the U.S. headquarters for Procter & Gamble ?,Fact
Why did the Aztecs first think the Spanish were Gods ?,Reason
What are the rules to `` snow golf '' ?,Definition
What does Warner Bros. call a flightless cuckoo ?,Fact
When did Mount St. Helen last have a major eruption ?,Fact
How do you say `` eat the day '' in Latin ?,HowTo
What are super balls made of ?,Fact
What 's the name of Tom Sawyer 's aunt with whom he lives ?,Fact
What is the fastest-growing comic strip of all time ?,Fact
Which member of the Micronauts spent 1 years traveling the Microverse in the Marvel comics ?,Fact
What doctor claimed in a 1946 book : `` There is no such thing as a bad boy '' ?,Fact
How long has L.L. Cool J. been married ?,HowTo
How much did a knight 's armor weigh ?,HowTo
What comedian created a punch-drunk pugilist named Cauliflower McPugg ?,Fact
What is the movie Jonathan Livingstone Seagull ?,Fact
How tall is Prince Charles ?,HowTo
What is the weight of air ?,Fact
What is a fear of children ?,Fact
What is ouzo ?,Definition
"What race is 1 , 137 miles long ?",Fact
What is the capital of Uruguay ?,Fact
What does the T.S. stand for in T.S. Eliot 's name ?,Definition
"How long is the world 's largest ship , in meters ?",HowTo
Who is William Wordsworth ?,Fact
What is making love ?,Definition
Who is Charles Lindbergh ?,Fact
How tall is the replica of the Matterhorn at Disneyland ?,HowTo
What are the largest deserts in the world ?,Fact
Where is Qatar ?,Fact
Why are peanut butter cookies topped with crisscrosses ?,Reason
What is the richest state in the U.S. ?,Fact
Who is the prime minister in Norway ?,Fact
What is a urologist ?,Definition
What actress starred in `` The Lion in Winter '' ?,Fact
What 's bottled in jeroboams ?,Fact
Who won the rugby world cup in ?,Fact
What is Nicholas Cage 's profession ?,Fact
"How many times was pitcher , Warren Spahn , a 20-game winner in his 21 major league seasons ?",HowTo
How many pins are used in skittles ?,HowTo
What qualifications are there for individuals donating blood ?,Definition
"What California bridge was Don Brown the first to cross , on May 27 , 1937 ?",Fact
Who is the famous sister of actress Olivia De Havilland ?,Fact
Which German president was pressured into appointing Hitler chancellor in 1933 ?,Fact
"How many people have been killed in wars , armed conflicts ?",HowTo
What is the history of the hairdryer ?,Definition
"Which mammal lives , breeds , eats , and sleeps underground ?",Fact
What trade did the 15th and 16th century Portuguese hope to control between Asia and Europe ?,Fact
What happened in the city of Dogtown in 1899 ?,Definition
What was the largest city in the world to declare martial law in 1989 ?,Fact
What is a fear of sinning ?,Fact
Where is the Thomas Edison Museum ?,Fact
What was the first minimum wage ?,Fact
What is the name of the highest mountain in Africa ?,Fact
What mountain range extends from the Gulf of St. Lawrence to Alabama ?,Fact
How many types of lemurs are there ?,HowTo
What are some colorful flowers that will bloom in the fall in New England ?,Fact
What 's the second-most-used murder weapon in the U.S. ?,Fact
What businesses or agencies would do an employment verification ?,Fact
"What famous coach said `` if you can 't beat 'em in the alley , you can 't beat 'em on the ice '' ?",Fact
What onetime member of Ronald Reagan 's cabinet called federal policy toward Indians `` an example of the failure of socialism '' ?,Fact
How many claws has a lobster called a pistol lost ?,HowTo
Who was Darth Vader 's son ?,Fact
What are the four most widely-used languages in North America ?,Fact
What war was fought by the Spanish as far as the Philippines ?,Fact
How do you make a million bucks ?,HowTo
Who invented the process to make condensed milk ?,Fact
What is the largest city in Connecticut ?,Fact
What is the population of the United States ?,Fact
What actor and actress have made the most movies ?,Fact
What is the definition of spamming ?,Definition
Who found Hawaii ?,Fact
What does IQ stand for ?,Definition
Where can I find free piano scores for popular music ?,Fact
When did the American Civil War end ?,Fact
What country is the largest diamond producer ?,Fact
How long does it take the moon to revolve around the Earth ?,HowTo
What beer is ` rockin ' America ? '',Fact
What is a fear of women ?,Fact
Who protects DC Comics ' realm of dreams ?,Fact
What are dinosaur droppings called ?,Fact
What was the infamous feat of Germany 's U-2 submarine ?,Definition
What Homerian epic chronicles events toward the end of the Trojan Wars ?,Fact
When did the vesuvius last erupt ?,Fact
What is widely used to detect prenatal birth defects ?,Fact
When did the supercontinent Pangaea break up ?,Fact
What kind of mammal is a colt ?,Fact
Who created Harry Lime ?,Fact
Why do many Native American students not complete college ?,Reason
What color are a cherry tree 's flowers ?,Fact
Who was President Cleveland 's wife ?,Fact
What class of animals makes up more than two-thirds of known species ?,Fact
What was the name of Sergeant Preston of the Yukon 's lead dog ?,Fact
What film featured a snarly character named Kid Shelleen ?,Fact
What company named one of its pens `` The Banana '' ?,Fact
What 's the capital of Monaco ?,Fact
What do Englishmen weigh themselves in ?,Fact
How big is the Electoral College ?,HowTo
"What is it that walks on four legs , then on two legs , then on three ?",Fact
What is the name of the 1919 occurrence in which British troops killed over 3 unarmed Indian protestors ?,Fact
Who invented the Moog Synthesizer ?,Fact
Who makes the `` Die Hard '' car battery ?,Fact
How long does it take to travel from Tokyo to Niigata ?,HowTo
What state is the Filenes store located in ?,Fact
How does a bill become law ?,HowTo
What is the starting salary of a radiographer ?,Fact
What is a disaccharide ?,Definition
Colin Powell is most famous for what ?,Definition
What star-faring race brought about the Inhumans on Marvel 's Earth ?,Fact
How do you buy stocks ?,HowTo
What does appropriates money mean ?,Definition
What is the name of Dolly Parton 's rarely seen husband ?,Fact
Where is the official `` zero '' of the sea level ?,Fact
Whose old London come-on was : `` Buy my sweet lavender '' ?,Fact
How did former WWF wrestler Rick Rude die ?,HowTo
Who wrote the lyrics to Porgy and Bess ?,Fact
What is a `` False Moon '' ?,Definition
What 1976 Deep Throat clone provides the leading lady with a second larynx ?,Fact
What line of luggage is named after a famous American flier ?,Fact
What is a word whose letters can be rearranged to form a different word ?,Fact
What chapter of Gone with the Wind has Rhett Butler leaving Scarlett O 'Hara ?,Fact
How many American actors were nominated for the best actor Oscar for 1983 ?,HowTo
"When did Lucelly Garcia , a former ambassador of Columbia to Honduras , die ?",Fact
"In Hemingway 's `` Old Man and the Sea , '' what kind of fish does the old man catch ?",Fact
How long was the longest sneezing attack ?,HowTo
How can I get rich quick ?,HowTo
How is the word ` qigong ' pronounced ?,HowTo
What program do I need to run a .tbk file ?,Fact
What is the seafaring name for the southern tip of South America ?,Fact
What two New York Yankee pitchers swapped wives and families ?,Fact
What are the 10 plagues of Egypt ?,Fact
"What is the history of Hot Wheels cars , and how are they produced ?",Definition
What is the rounded part on the top of a matchbook called ?,Fact
When did Nixon visit China ?,Fact
What 's the third month of the Gregorian calendar ?,Fact
What country owns Corsica ?,Fact
How many queen bees reign in a hive ?,HowTo
"What sport features slotbacks , tailbacks , and touchbacks ?",Fact
What meat complemented sweet potatoes and peas in the first TV dinner ?,Fact
What is RAM in the computer ?,Definition
What is a `` repeating voter '' ?,Definition
What are dingoes ?,Definition
Where can I find a world atlas map online at no charge ?,Fact
What Leoncavallo opera features a prologue by a clown ?,Fact
How can I get someone 's email address ?,HowTo
What chapter of the Bible has the most verses ?,Fact
What ocean did the Titanic sink in ?,Fact
How did P.T. Barnum bill the diminutive Charles S. Stratton ?,HowTo
In what year was the Wall built ?,Fact
Name one of King Henry VIII 's wives .,Fact
What southwestern state is dubbed The Silver State ?,Fact
What are pomegranates ?,Definition
Why do pharmacists work on raised floors ?,Reason
What does Robin Williams do ?,Fact
What country did the Allies invade in World War II 's Operation Avalanche ?,Fact
What famed river was Hernando de Soto the first European to see ?,Fact
What chess outcome results when a player has no legal move ?,Fact
How do they find an epicenter ?,HowTo
When was Christ born ?,Fact
Where do quality drinks begin ?,Fact
"In order from the top , the four stripes on a can of Pepsi are what colors ?",Fact
What kind of substance is dextropropoxyphen napsylate ?,Fact
Who is the French literary charcter who is chiefly famous for his enormous nose ?,Fact
What were first used by John L. Sullivan and James J. Corbett in 1892 ?,Fact
"What country surrounds San Marino , the world 's smallest Republic ?",Fact
Who killed Martin Luther King ?,Fact
Who owns the rights on a TV program ?,Fact
What did Cool Hand Luke go to jail for ?,Definition
What was the V-8 Juice slogan : `` the tastebud '' ?,Definition
What was Mae West 's last film ?,Fact
What letter does Gorbachev 's middle name start with ?,Fact
Who invented Astroturf ?,Fact
What makes you fat ?,Definition
Name a flying mammal .,Fact
What season does a hiemal activity normally take place in ?,Fact
What direction do the best surfing beaches face ?,Fact
What is the world record for the longest hair ?,Fact
What English word contains the most letters ?,Fact
How do I know if I 'm jealous of someone ?,HowTo
What Democratic prankster waved the train out of the station while Richard Nixon spoke from the caboose ?,Fact
How does James Bond like his martinis ?,HowTo
What California bay 's largest island is Angel Island ?,Fact
What was the name of the flight that Fawaz Younis hijacked ?,Fact
What former African leader held his country 's boxing title for nine years ?,Fact
What is a wet dream ?,Definition
"What California bridge was Don Brown the first to cross , on May 27 , 1937 ?",Fact
"What camera company said , `` If you haven 't got the time , we 've got the camera ? ''",Fact
What happened to Pepsi Clear ?,Definition
How much does one ton of cement cost ?,HowTo
What is a Mexican hairless ?,Definition
What 2th-century American poet wrote a four-volume biography of Abraham Lincoln ?,Fact
Where is the oldest living thing on earth ?,Fact
What piece of jewelry is pictured on Monopoly 's Luxury Tax space ?,Fact
"Who stopped making diary entries on May 31 , 1669 , because he thought he was going blind ?",Fact
What journalist can be found in and around Walden Puddle ?,Fact
How did Socrates die ?,HowTo
How many sides does an obelisk have ?,HowTo
What was Edward Albee 's first full-length play ?,Fact
What was lost and regained by poet John Milton ?,Fact
What woman pitcher has struck out Ted Williams and Hank Aaron ?,Fact
How can scientists predict weather by observing clouds ?,HowTo
What songs were popular in 1948 ?,Fact
In what year was the cannon invented ?,Fact
How many languages does the Pope speak ?,HowTo
What bay divides Maryland 's Eastern and Western Shores ?,Fact
"What is the real name of the singer , Madonna ?",Fact
"What Frenchman claimed the following ? If God did not exist , it would be necessary to invent him . ''",Fact
What color were Ernest Hemingway 's eyes ?,Fact
What is the origin of the expression `` four-letter word '' ?,Definition
Who was the first woman in space ?,Fact
What is the only animal that can turn its stomach inside out ?,Fact
What professional sports league originated the college draft ?,Fact
What is the difference between a board of directors and an advisory board ?,Comparison
Who discovered imaginary numbers ?,Fact
Who does the voices of the Simpsons ?,Fact
How many feet high is the hurdle in front of a runner 's steeplechase water jump ?,HowTo
What religion has the most members ?,Fact
How many calories are there in a glass of water ?,HowTo
"Who is the richest person in the world , without owning a business ?",Fact
What is SVHS ?,Definition
What is the chemical reactivity of neon ?,Fact
Where can I find info on Alexander Mackenzie ?,Fact
What is the cultural origin of the ceremony of potlatch ?,Definition
What Georgia town did Scarlett O 'Hara condemn as being full of pushy people ?,Fact
How many countries watch MTV Europe ?,HowTo
What is SAP ?,Definition
What layer of the atmosphere contains most of the ozone layer ?,Fact
What is the airport code for Los Angeles International ?,Fact
"What was the claim to fame of Explorer I , launched February 1 , 1958 ?",Definition
"In the song `` Yankee Doodle , '' why did Yankee Doodle stick a feather in his cap and call it macaroni ?",Definition
"What do the letters CE stand for on so many products , particularly electrical , purchased now ?",Definition
Where did the real St. Nicholas live ?,Fact
"Who manufactures the software , `` PhotoShop '' ?",Fact
How many eyes does a bat have ?,HowTo
How do you say 2 in Latin ?,HowTo
What was Dwight Eisenhower 's favorite card game ?,Fact
"What is the high pitched sound that you hear in your ear every now and then , but then it goes away , after a while ?",Fact
What is the origin of the word nevermind ?,Definition
Who was the second man to walk on the moon ?,Fact
What is power steering ?,Definition
Where did Dikembe Mutombo go to college ?,Fact
What author was appointed U.S. ambassador to Spain in 1842 ?,Fact
What body of water does the Yukon River empty into ?,Fact
Who is Westview High 's band director in Funky Winkerbean ?,Fact
How does a chick breathe inside an egg ?,HowTo
What is Mark McGwire 's e-mail address ?,Fact
How many maids were milking ?,HowTo
The Kentucky Horse Park is located near what city ?,Fact
What is the celtic symbol for `` life '' ?,Fact
What kind of fruit is a Yellow Transparent ?,Fact
What song put James Taylor in the limelight ?,Fact
"What drink is formed of tequila , orange juice and galliano ?",Fact
Name four comic strips about pilots .,Fact
What geological time do we live in ?,Fact
How do you dunk ?,HowTo
Where is the massive North Korean nuclear complex located ?,Fact
How do plants make food ?,HowTo
Where is Microsoft 's corporate headquarters located ?,Fact
How did the Hohenzollerns build their power around 17 ?,HowTo
When was China 's first nuclear test ?,Fact
What is the name given to a group of geese ?,Fact
"Why was Washington , DC originally called District of Columbia ?",Reason
How do I find a snowboarding website ?,HowTo
What singer 's hit song inspired the Dolly Parton Stallone movie Rhinestone ?,Fact
How much can a person be fined for having a dog on a beach ?,HowTo
Why do movie and TV stars get paid so much ?,Reason
What is a turnkey contract ?,Definition
What are people doing to help prevent the extinction of birds ?,Definition
Why is the mile 528 feet ?,Reason
What Asian gulf were the destroyers Maddox and C Turner Joy shot up in ?,Fact
How is carbon dioxide removed from natural gas ?,HowTo
Who is Edmund Kemper ?,Fact
"What was Mao , the Chinese leader 's , full name ?",Fact
When is Dick Clark 's birthday ?,Fact
"Who is the director of the international group called the Human Genome Organization , HUGO , that is trying to coordinate gene-mapping research worldwide ?",Fact
What radio station did Paul Harvey work for ?,Fact
What character narrates Treasure Island ?,Fact
What is the correct way to abbreviate cc. at the bottom of a business letter ?,Definition
Who starred with Charlie Chaplin in Modern Times and The Great Dictator ?,Fact
What seven digits follow the area code in the number for long distance information ?,Fact
What Catch-22 character is elected mayor of half a dozen Italian cities ?,Fact
"Whom does Uncle Duke 's girl friend , Honey , room with ?",Fact
"When called upon to surrender , what American general replied , `` Sir , I have not yet begun to fight . '' ?",Fact
When was the bar-code invented ?,Fact
What has to be produced in a writ of habeas corpus ?,Fact
What team did Babe Ruth play his first major league game for ?,Fact
What class is categorized as the bourgeoisie ?,Fact
What relative of Leo Tolstoy translated War and Peace eight times ?,Fact
How does the Nintendo `` Zapper '' work ?,HowTo
How many cards is each player dealt in Contract Bridge ?,HowTo
Who was the second person ever to wear Iron Man 's armor ?,Fact
What is InterLata Internet service ?,Definition
Who is the director and editor of the movie Big starring Tom Hanks ?,Fact
What is the `` fourth dimension '' ?,Definition
What is the Homelite Inc. home page ?,Fact
How old was Stevie Wonder when he signed with Motown Records ?,HowTo
What is `` alternative '' anymore ?,Definition
Why do they call a hamburger a hamburger when there is no ham ?,Reason
Who won two gold medals in skiing in the Olympic Games in Calgary ?,Fact
What year was the Avery Dennison company founded ?,Fact
Where does the U.S. rank among world countries in area ?,Fact
What are the four railways in Monopoly ?,Fact
What are the names of all the seas in the world and what ocean do they drain into ?,Fact
What does BMW stand for ?,Definition
Name the highest mountain .,Fact
What is a biologist ?,Definition
What revelation did Alexander Butterfield make to the Senate Watergate committee ?,Definition
What island is home to statues called Mauis ?,Fact
What is a fear of black people ?,Fact
What 's the most extensively grown and eaten food ?,Fact
What was the worst hurricane ?,Fact
How can I get started in writing for television ?,HowTo
Where was Pythagoras born ?,Fact
What 1927 silent film received an international revival in 1981 ?,Fact
What is the price for AAA 's liability auto insurance ?,Fact
What is LMDS ?,Definition
Who are the top ten richest people in the world ?,Fact
Who is the leader of Brunei ?,Fact
What is the capital of Italy ?,Fact
What game does Garry Kasparov play ?,Fact
How do you get a pointsettia to turn red ?,HowTo
What is kept in Fort Knox that is so valuable ?,Fact
What is the greatest hiking Web site ?,Fact
"What is the population of Arcadia , Florida ?",Fact
What Stephen King novel is set in a graveyard for pets ?,Fact
Who were the head writers for the Smothers Brothers Comedy Hour ?,Fact
Who portrayed Prewett in From Here to Eternity ?,Fact
What was the sequel to The Pink Panther ?,Fact
How many people live in cities ?,HowTo
How high must a mountain be to be called a mountain ?,HowTo
What Scottish poet penned To a Mouse and To a Louse ?,Fact
What is the name of the inventor of silly putty ?,Fact
What ocean surrounds the Madeira Islands ?,Fact
What famous communist leader died in Mexico City ?,Fact
What was John Steinbeck 's travelling companion Charley ?,Fact
What are the capital cities of the two large countries that occupy the Iberian peninsula in Europe ?,Fact
How many mines can still be found in the Falklands after the war ended ?,HowTo
How can I get in touch with Michael Moore of `` Roger & Me '' ?,HowTo
How is ` qigong ' properly pronounced ?,HowTo
How many gallons of water go over Niagra Falls every second ?,HowTo
What turns blue litmus paper red ?,Fact
Who was the first woman to run the mile in less than 4 36893 minutes ?,Fact
How many copies of an album must be sold for it to be a gold album ?,HowTo
What is `` the soft drink for adults '' ?,Fact
What is the only vegetable that starts with `` z '' ?,Fact
What is a fear of machinery ?,Fact
Who awarded The Flying Fickle Finger of Fate ?,Fact
"In Sinclair Lewis ' `` Main Street , '' what was the name of the typical American town ?",Fact
What hide-and-seek game is played around a tin can ?,Fact
What is the largest city in Texas ?,Fact
"What future deer hunter portrayed Annie Hall 's neurotic brother , Duane ?",Fact
What drink is the best thirst-quencher ?,Fact
Where can I get a map of Prussia on the Internet ?,Fact
What was the longest war in U.S. history ?,Fact
What is a `` node '' in computer terms ?,Definition
What are the five richest countries in the world ?,Fact
Where is McCarren Airport ?,Fact
What are the top boy names in the U.S. ?,Fact
How many tiles did the Space Shuttle Columbia lose on its second flight ?,HowTo
How many teaspoons make up a tablespoon ?,HowTo
Who was the lyricist and who was the composer between Gilbert and Sullivan ?,Fact
Who was the lawyer for Randy Craft ?,Fact
What is the origin of the word Marijuana ?,Definition
Who was the 3rd president of the United States ?,Fact
What organ contains the islands of Langerhans ?,Fact
Name Dick Tracy 's two children .,Fact
What is a fear of points ?,Fact
What fraction of a beaver 's life is spent swimming ?,Fact
How can SQL queries be improved ?,HowTo
What is the most radioactive food ?,Fact
What was the previous name for the Commonwealth ?,Fact
How much will gas be taxed in California by the year 2000 ?,HowTo
Who gave King Arthur the round table ?,Fact
What state in the United States covers the largest area ?,Fact
How do you make a computer chip ?,HowTo
Who became president of the U.S. in 1789 ?,Fact
Who wrote `` The Scarlet Letter '' ?,Fact
Who did Sara Jane Moore try to assassinate ?,Fact
What is Linux ?,Definition
How many dots make up the symbol for `` because '' ?,HowTo
What title did Shevardnadze have during the Soviet era ?,Fact
What did the pyramid-builders of Egypt mainly eat ?,Fact
What 's the international radio code word for the letter F ?,Fact
What are the 28 tenses in the English language ?,Fact
Which king signed the Magna Carta ?,Fact
What software offers inventors use of CAD-like design ?,Fact
What is agent orange ?,Definition
Name the child left on a doorstep at the beginning of Gasoline Alley .,Fact
How many zip codes are there in the U.S. ?,HowTo
"In Beetle Bailey , can you name Sarge 's dog ?",Fact
Why shouldn 't you remove a bee stinger with tweezers ?,Reason
Which college did Dikembe Mutombo play basketball for ?,Fact
Why did Europeans first come to Australia and Oceania ?,Reason
What did the Confederate Constitution say about slavery ?,Definition
How long does it take the Milky Way Galaxy to make one revolution ?,HowTo
How many people own pets ?,HowTo
What web sites are linked to the Report on Genesis Eldercare ?,Fact
What is a fear of lice ?,Fact
How long does it take different materials to decompose ?,HowTo
How many colors are there in a rainbow ?,HowTo
What was Darth Vader 's son named ?,Fact
What problems contributed to the high failure rate of Plains farmers in the 1800s ?,Definition
What British female pop singing star of the 1960s and early 1970s was a child actress in the 1940s and '50s ?,Fact
Where is McCarren Airport located ?,Fact
How effective are condoms in protecting against AIDS ?,HowTo
"What part of Britain comprises the Highlands , Central Lowlands , and Southern Uplands ?",Fact
How many Marx Brothers were there ?,HowTo
How tall is the Matterhorn ?,HowTo
What country is proud to claim Volcano National Park ?,Fact
When was Babe Ruth born ?,Fact
Who portrayed Field Marshal Erwin Rommel in The Desert Fox ?,Fact
What TV quiz show left the air in 1975 to the tune of Vera Lynn 's We 'll Meet Again ?,Fact
What direction do most baseball pitchers pitch toward ?,Fact
How many Beanie Baby sites are there ?,HowTo
How can I call a friend in another country when I do not know the telephone number ?,HowTo
What is 55 times sweeter than cane sugar ?,Fact
Where are diamonds mined ?,Fact
How do they get Teflon to stick to the pan ?,HowTo
How much money did the Marcos steal from their country ?,HowTo
Who makes the `` cross-your-heart bra '' ?,Fact
Who is Archie Bunker 's son-in-law ?,Fact
What company produces Spumante ?,Fact
What is the origin of music ?,Definition
What does `` B.Y.O.B. '' mean ?,Definition
What major airline has the best safety record in the world ?,Fact
What President became Chief Justice after his presidency ?,Fact
How many innings constitute an official baseball game ?,HowTo
What city has a newspaper called The Plain Dealer ?,Fact
What U.S. state boasts Leif Ericson Park ?,Fact
How many flavors does Baskin & Robbins offer ?,HowTo
Who was chief engineer of the Starship Enterprise ?,Fact
How does crosstalk relate to InSb thickness in infrared detectors ?,HowTo
What mayor made so many TV appearances he was asked to join AFTRA in 1984 ?,Fact
Which type of submarine was bought recently by South Korea ?,Fact
How much in miles is a ten K run ?,HowTo
When was Beethoven born ?,Fact
Who is the most sexy celebrity ?,Fact
What detective lives on Punchbowl Hill and has 11 children ?,Fact
Where did the ukulele originate ?,Fact
Rotary engines used to be made by whom ?,Fact
What does seccession mean ?,Definition
Who portrayed the title character in the film The Day of the Jackal ?,Fact
What is the name of the gulf between Sweden and Finland ?,Fact
Who was the first X-Man to die in battle ?,Fact
What will the weather be today ?,Definition
Who is the President of Ghana ?,Fact
Which sex is denied voting rights in Kuwait ?,Fact
What two countries is Andorra nestled between ?,Fact
How long ago was the Roe vs. Wade decision by the Supreme Court ?,HowTo
What terrorist group was headed by Donald DeFreeze ?,Fact
What are the four largest mountain ranges in the continental United States ?,Fact
What is the size of the student body at the University of Massachusetts in Amherst ?,Fact
How can I determine the radius of an ellipse ?,HowTo
Who starred in the movie The War of the Worlds ?,Fact
How many different kinds of ice cream are there ?,HowTo
"What actor , who had greatest fame on TV , became the father of triplets ?",Fact
What is the Homelite Inc. home page ?,Fact
What is the Golden Rule ?,Definition
What is a movie that Kevin Costner made about Sioux Indians ?,Fact
What were millions of kids wearing on their heads in 1955 ?,Fact
How does color affect a person psychologically ?,HowTo
What is Columbia Tristar 's phone number ?,Fact
What type of animal is the easiest kept pet there is ?,Fact
What is sound ?,Definition
"What was the name of the horse that fell on Queen Elizabeth , Prince Albert 's wife ?",Fact
What are the current immigration laws in US ?,Definition
What were the five opening words on Ben Casey ?,Fact
Why does it say on children 's cough syrup not to drive while using this medication ?,Reason
What hair color can I use to just cover a little gray ?,Fact
Where was Tesla born ?,Fact
What does Larry King do for a living ?,Fact
Who shot Lee Harvey Oswald ?,Fact
When did Jaco Pastorius die ?,Fact
What blood sport features a movement called a veronica ?,Fact
What was spawned the term `` MiG Alley '' ?,Fact
What 's the most common street name in America ?,Fact
What is the difference between khaki and chino ?,Comparison
What is the origin of infinity ?,Definition
What alloy do copper and tin form ?,Fact
What plants are found in an estuary ?,Fact
What are the side effects of mevacor ?,Definition
What are the top 5 tallest buildings in the world ?,Fact
Colin Powell is best known for what achievement ?,Definition
What was the name of the computer in ` 2001 : A Space Odyssey ' ?,Fact
Who portrayed Renaud in Casablanca ?,Fact
What country has problems with hooligans ?,Fact
What planet did Percival Lovell discover ?,Fact
How often are brain cells replaced ?,HowTo
How much did Mercury spend on advertising in 1993 ?,HowTo
What kind of rocket launched the Surveyor spacecraft ?,Fact
What country contains the westernmost point in South America ?,Fact
What did Abolitionists try to end ?,Fact
What 's the American dollar equivalent for 8 pounds in the U.K. ?,Fact
Why should cigarette smoking be banned ?,Reason
What year did Charles Dicken die ?,Fact
What D.H. Lawrence novel was originally titled Tenderness ?,Fact
What rock group raised a ruckus at the White House by singing American Woman ?,Fact
What is a fear of night or darkness ?,Fact
What is the origin of the rock band Led Zeppelin 's name ?,Definition
How was Lawrence,HowTo
How do I know if I am pregnant ?,HowTo
When did the last Americans leave Vietnam ?,Fact
What famed clown appeared on an early Howdy Doody Show and insisted that Clarabell be made up as a real clown ?,Fact
"What group was formed in 1969 after police met resistance from patrons at the Stonewall , a Greenwich Village gay bar ?",Fact
Who was Confucius ?,Fact
What snack food has ridges ?,Fact
What 's the most popular four-player game of all time ?,Fact
What 's the meaning of the name Tatiana ?,Definition
How many people died when the Estonia sank in 1994 ?,HowTo
What Southern California town is named after a character made famous by Edgar Rice Burroughs ?,Fact
How many colors are there in a rainbow ?,HowTo
What is the habitat of the chickadee ?,Fact
What drug is often used to treat AIDS patients ?,Fact
Which of the five senses develops first ?,Fact
Where did the name root beer come from ?,Fact
What city 's the kickoff point for climbs of Mount Everest ?,Fact
What is the average salary of a paleontologist ?,Fact
Where is the largest post office building in the world ?,Fact
Who is currently the most popular singer in the world ?,Fact
Who was the first animal into space ?,Fact
What is the correct way to mount a roll of toilet paper ?,Fact
What Jules Verne novel features scientists held captive in the submarine Nautilus ?,Fact
Why is Rush 's 2112 called 2112 ?,Reason
What 's the state motto of California ?,Definition
What function does homeostasis have on the existence of an organism ?,Definition
"What company started out making pies , and wound up manufacturing plastic throwing toys ?",Fact
What does the acronym CPR mean ?,Definition
The Jewish alphabet is called what ?,Fact
What are the Baltic States ?,Definition
How many endangered species are there in the world ?,HowTo
Which large U.S. city had the highest murder rate for 1988 ?,Fact
"Who was the bandleader mentor of Ella Fitzgerald with whom she cowrote `` A_Tisket , A-Tasket '' ?",Fact
Who invented basketball ?,Fact
How has TV affected our society ?,HowTo
When was the last major eruption of Mount St. Helens ?,Fact
What was the name of Humphrey Bogart 's club in Casablanca ?,Fact
What U.S. Government agency registers trademarks ?,Fact
What is osmosis ?,Definition
What format was the major competition of VHS ?,Fact
What hockey player did Ronald Reagan joke he would swap Texas for ?,Fact
What is the world 's deadliest infectious disease ?,Fact
Which infectious disease is the world 's deadliest ?,Fact
"What President was buried at his ancestral home overlooking the Hudson River at Hyde Park , New York ?",Fact
How much did the first Barbie doll sell for in 1959 ?,HowTo
What country was General Douglas McArthur in when he was recalled by President Truman ?,Fact
What are the five most popular Usenet groups ?,Fact
What are the seven deadly sins ?,Definition
"What is the latitude and longitude of El Paso , Texas ?",Fact
What does the name Melissa mean ?,Definition
What is the nature of snow and how is the formation of snow different from that of ice ?,Definition
How many head injuries are there in recreational ice skating each year ?,HowTo
A normal human pregnancy lasts how many months ?,Fact
What kind of sports team is the Buffalo Sabres ?,Fact
What impenetrable system of French fortifications was built along the German frontier before World War II ?,Fact
What are new computer games for Windows 95 or 98 ?,Fact
Who domesticated the wild turkey ?,Fact
How can I get someone 's phone number if I only have their screen name ?,HowTo
What European race sees the winner of its mountain stage awarded a jersey with large red polka dots ?,Fact
What country does Ileana Cotrubas come from ?,Fact
What 's the motto of the Boy Scouts ?,Definition
What two European countries are joined by the Gran San Bernardo Pass ?,Fact
What movie did Steven Spielberg direct in 1975 ?,Fact
What kind of creatures are the Canary Islands named for ?,Fact
What was the name of the US helicopter pilot shot down over North Korea ?,Fact
What 's a male `` cuckquean '' ?,Definition
"What are the factors leading to the high teen pregnancy rate in Spartanburg , South Carolina ?",Definition
"Name the designer of the shoe that spawned millions of plastic imitations , known as ` jellies ' .",Fact
What does RCA stand for ?,Definition
Why are ice cream sundaes called sundaes ?,Reason
What 's the singular of dice ?,Fact
Who is Olive Oyl 's brother ?,Fact
"What 12-hour cold medicine uses the formula `` 6 , 6 , 12 '' in its ads ?",Fact
What was the first video ever made ?,Fact
What 's the favorite food of dragonflies ?,Fact
What king boycotted Prince Charles 's wedding ?,Fact
What does Nicholas Cage do for a living ?,Fact
What was the nickname of model Leslie Hornby ?,Fact
Where is the Taj Mahal ?,Fact
What 's distinctive about a palmiped 's feet ?,Definition
In 139 the papal court was forced to move from Rome to where ?,Fact
What is the first day of the week ?,Fact
What is goulash ?,Definition
What capital is built around Monument Circle which contains soldiers and sailors monument ?,Fact
Name the men 's cologne that is associated with the sea .,Fact
How does a parachute work ?,HowTo
What is the first book of the Old Testament ?,Fact
How many of them are in sub-Saharan Africa ?,HowTo
"What is the history of Spartacus , the Roman slave and gladiator ?",Definition
What famed wall supports the Badaling turret ?,Fact
"Who portrayed Fatman in the television show , `` Jake and the Fatman '' ?",Fact
What is object-oriented design ?,Definition
What does Melissa mean ?,Definition
What is form drag ?,Definition
Who were John F. Kennedy 's dogs ?,Fact
Where are good science sites on the Internet ?,Fact
What woman was Time 's Man of the Year for 1952 ?,Fact
What currents affect the area of the Shetland Islands and Orkney Islands in the North Sea ?,Definition
Who wrote The Ugly Duckling ?,Fact
Who designed London Bridge ?,Fact
"How many miles are there between Tel Aviv , Israel and Memphis , Tennessee ?",HowTo
How many flavors of ice cream does Howard Johnson 's have ?,HowTo
What weapon did the crossed slits in English castles accommodate ?,Fact
How can I stop or slow down aging ?,HowTo
Where are the busiest Amtrak rail stations in the U.S. ?,Fact
How many freckles does Howdy Doody have on his face ?,HowTo
"How does Cos Cob , CT get its name ?",HowTo
Who was considered to be the father of psychology ?,Fact
How did Super President gain his powers on the animated series ?,HowTo
How tall was the animated King Kong ?,HowTo
What are values ?,Definition
What is the population of Japan ?,Fact
Name an American made motorcycle .,Fact
Where was the largest concentration camp in World War II ?,Fact
How much did Alaska cost when bought from Russia ?,HowTo
How many events make up the decathlon ?,HowTo
What causes blue balls ?,Definition
What were the first bodies visited by spacecraft ?,Fact
Who succeeded Nikita Khrushchev as first secretary of the Communist Party ?,Fact
Who was chosen to be the first black chairman of the military Joint Chiefs of Staff ?,Fact
Name of the lady the Great Gatsby pines for ?,Fact
What does a chef coddle eggs in ?,Fact
How many bails are there in a cricket wicket ?,HowTo
What city was Martin Luther King Jr. assassinated in ?,Fact
"What celebrity couple , when going through a divorce , divided their toilet paper into two equal piles ?",Fact
Where 's the Bernini-Bristol Hotel ?,Fact
Who said `` What contemptible scoundrel stole the cork from my lunch ? '',Fact
What is the capital of Kosovo ?,Fact
What kind of company is 7-Eleven ?,Fact
How many letters appear with the numbers 2 to 9 on a telephone dial ?,HowTo
What were the first three cities to have a population of more than a million ?,Fact
How did the months of the year get there name ?,HowTo
What scale measures earthquakes ?,Fact
What is a glory hole ?,Definition
What kind of education would you need to become an athletic trainer for the NFL ?,Fact
What are the major companies that are part of Dow Jones ?,Fact
What college did Joe Namath play football for ?,Fact
What was the minimum wage in 1991 ?,Fact
What country is the biggest producer of tungsten ?,Fact
How does it make its colors ?,HowTo
What would happen to Canada if Quebec separated ?,Definition
When is the Jimmy Buffett concert coming to the E center in Camden NJ ?,Fact
What is ` Last Chance for Animals ' ?,Definition
What European country abandoned postage stamps in 1923 because printing them cost more than their face value ?,Fact
What is the weather like on the moon ?,Definition
Who was the 1st U.S. President ?,Fact
"What is the main language of Sao Paulo , Brazil ?",Fact
How much did Varian Associates try to sell its vacuum products division to the BOC group for ?,HowTo
What is the abbreviation of the International Olympic Committee ?,Definition
How many people hike ?,HowTo
What are boxcars ?,Definition
How do I keep cats out of my flower garden for good ?,HowTo
Who played Maria in the film West Side Story ?,Fact
What is a common anti-AIDS drug ?,Fact
Who bestowed great power upon Captain Britain ?,Fact
How can you tell when figs are ripe ?,HowTo
How do I love thee ?,HowTo
Which type of soda has the greatest amount of caffeine ?,Fact
What nationality is a Sicilian ?,Fact
What is the most common boy 's or girl 's name ?,Fact
"Who was the accused in The Trial of the Century , which opened Janurary 1 , 1935 ?",Fact
What color was the hundred billionth crayon made by Crayola ?,Fact
What soft drink tells us to `` Go Hawaiian '' ?,Fact
How does a hydroelectric dam work ?,HowTo
What is the oldest building in the United States ?,Fact
What is the West Virginia state animal ?,Fact
How many people died on South Carolina highways in 1998 ?,HowTo
What are binomial coefficients ?,Definition
What was The Living Room War ?,Definition
What are some translations of the phrase `` Thank-you '' ?,Fact
What is President Nixon 's birthdate ?,Fact
What is `` the great American family cereal '' ?,Fact
"What was Suzy Parker doing to earn $1 , 000 in the early 1950 's ?",Definition
How many people died in the Vietnam war ?,HowTo
What year did Montana become a state ?,Fact
When was the USSR dissolved ?,Fact
Why are there letters on the telephone ? Why are there no Q or Z ?,Reason
What Japanese city was once called Edo ?,Fact
Who did the Seven Mules block for ?,Fact
What is the world 's largest distilling company ?,Fact
"What 's the name of the actress who starred in the movie , `` Silence of the Lambs '' ?",Fact
Where is one 's corpus callosum found ?,Fact
Who did Napolean defeat at Jena and Auerstadt ?,Fact
What household products are there for adult acne ?,Fact
What British prime minister and U.S. president were seventh cousins once-removed ?,Fact
What is the most expensive car in the world ?,Fact
What is an Angelus ?,Definition
How many objects orbit the Earth ?,HowTo
What was the tragedy that struck the city of Dogtown in 1899 ?,Fact
What 's the oldest capital city in the Americas ?,Fact
What Leon Uris novel dealt with the Russian capture of Berlin ?,Fact
"What is the location of Edinburgh , Scotland ?",Fact
How many muscles does the average adult use when going for a walk ?,HowTo
How long do you have to live in a community to vote ?,HowTo
What was the name of the Titanic 's captain ?,Fact
Name of heroine in `` Scruples '' ?,Fact
How big is the Chappellet vineyard ?,HowTo
Jackson Pollock was a native of what country ?,Fact
What makes sperm ?,Definition
How do I know how much money to save for retirement ?,HowTo
What does the dot on the letter i mean ?,Definition
Who wrote The Godfather ?,Fact
What is the origin of the term soda jerk ?,Definition
What is the frequency of VHF ?,Fact
What sport does Chris Jogis play ?,Fact
What island was the target of the U.S. 's Operation Urgent Fury ?,Fact
What is a fear of robbers ?,Fact
What Nevil Shute novel is about the doomed survivors of a nuclear war ?,Fact
What is the cause of endangered species ?,Definition
Which of the following TV newsmen was a Rhodes scholar ?,Fact
What did Warlock wear on his forehead in Marvel comics ?,Fact
What is the softest part of the body ?,Fact
What six-foot temperance advocate wielded her hatchet on saloons ?,Fact
How many islands does Fiji have ?,HowTo
What line divided the North and South in the U.S. Civil War ?,Fact
What is the definition of cecum ?,Definition
Who invented volleyball ?,Fact
What 's the most powerful country in the world ?,Fact
How do I do this ?,HowTo
Name a ballet company Mikhail Baryshnikov has danced for ?,Fact
Who led the Normans to victory in the Battle of Hastings ?,Fact
What is the origin of the word `` Teddy bear '' ?,Definition
What percentage of the world 's plant and animal species can be found in the Amazon forests ?,Fact
"What 's the name of the star of the cooking show , `` Galloping Gourmet '' ?",Fact
Who invented the horoscope ?,Fact
What nutrients are for healthy bones and teeth ?,Fact
What are Fortune 500 companies ?,Definition
What is the difference between ninjitsu and kung fu ?,Comparison
What king was forced to agree to the Magna Carta ?,Fact
How many electoral college votes does Colorado have ?,HowTo
What were Babe Ruth 's Christian names ?,Fact
How many bottles of wine were prisoners in the Bastille allowed per day ?,HowTo
Where do lobsters like to live ?,Fact
"Who was the first elected mayor of Washington , D.C. ?",Fact
What are the wolverine habits ?,Fact
How do you fix squeaky floors ?,HowTo
When was the Big Thompson flood ?,Fact
What good are mosquitoes ?,Definition
How do you get bubblegum out of carpet ?,HowTo
"What 's played at Wembley Stadium , London , every May ?",Fact
"Who wrote the sci-fi trilogy Foundation , Foundation and Empire , and Second Foundation ?",Fact
How many hours of work does it take a typist to complete a 100-page screenplay ?,HowTo
What is Alice Cooper 's real name ?,Fact
What is the Peloponnesian League ?,Definition
What two cities usually mark the extremes of English Channel swims ?,Fact
How many times does the tide ebb and flow each day ?,HowTo
Who invented television ?,Fact
What are tannins ?,Definition
How does General Mills manufacture Cheerios ?,HowTo
What was Jimmy Durante 's theme song ?,Fact
Name the person who burst through the screen in the Lite beer commercials .,Fact
What delicacy is known indelicately as pickled roe ?,Fact
What after-dinner treat was invented in 1916 at the George Jung noodle factory in Los Angeles ?,Fact
What U.S. vice-president killed Alexander Hamilton in a duel ?,Fact
What 's the Fahrenheit equivalent of zero degrees centigrade ?,Fact
How many muscles does an oyster have ?,HowTo
"What card game derived its name from biritch , or Russian Whist ?",Fact
Who wrote `` Much Ado About Nothing '' ?,Fact
What is the collective noun for geese ?,Fact
What personality traits are Capricorns said to have ?,Definition
Where can I get information concerning child custody files for the State of Utah ?,Fact
What was John F. Kennedy 's 1960 campaign song ?,Fact
What Louisiana Senator won a seat that had been held by his father and mother ?,Fact
What hymn did John Steinbeck get his title The Grapes of Wrath from ?,Fact
What invention does the principle of conservation of energy make impossible ?,Fact
What 's the highest-ranking suit in bridge ?,Fact
Who won Oscars for her roles in Gone with the Wind and A Streetcar Named Desire ?,Fact
What writer is famous for physically putting himself into the center of his subject matter ?,Fact
Who 's the lead singer of the Led Zeppelin band ?,Fact
"In Dana 's `` Two Years Before the Mast , '' what seafarers lived in an abandoned oven on the beach at San Diego ?",Fact
Who plays the cop in the movie `` Kindergarten Cop '' ?,Fact
How many characters makes up a word for typing test purposes ?,HowTo
What non-mechanical sport achieves the highest speeds ?,Fact
What was the 1940 annual salary for a boilermaker ?,Fact
"Who created Billy Pilgrim , a survivor of the Dresden firestorm ?",Fact
"What indoor sport saw the Phoenix Inferno become the Phoenix Pride on July 14 , 1983 , when the temperature hit 111 degrees ?",Fact
What country saw the origin of the Asian Flu ?,Fact
Who is the richest woman in the world ?,Fact
Where can I take a test that will tell me what I should be when I grow up ?,Fact
What caused the death of Bob Marley ?,Definition
"What 's Mrs. Bridges 's job on TV 's Upstairs , Downstairs ?",Fact
What daily newspaper will `` help you see clearer across the USA '' ?,Fact
What lake in Scotland is said to hold one or more monsters ?,Fact
Who were the 1974 Oscar winners ?,Fact
What kind of business is 7-Eleven ?,Fact
What is Sinn Fein ?,Definition
"What is the name of the rare neurological disease with symptoms such as : involuntary movements , tics , swearing , and incoherent vocalizations , grunts , shouts , etc. ?",Fact
What do river otters eat ?,Fact
"Who wrote the book , `` Huckleberry Finn '' ?",Fact
Who would you use the Heimlich maneuver on ?,Fact
What famed library can you reach by dialing 22-287-5 ?,Fact
What five-time winner of the Kentucky Derby lost his first 25 races ?,Fact
What did Vasco da Gama discover ?,Fact
What is Megan 's law ?,Definition
Where can I get a complete listing of showtimes in my area ?,Fact
Where 's Montenegro ?,Fact
What is usenet for the Internet ?,Definition
What are field effect transistors ?,Definition
What was the killer whale who died at Sea World of a fungal infection named ?,Fact
What is witch hazel ?,Definition
What is state tree of Nebraska ?,Fact
Where is Glasgow ?,Fact
Why is Chicago named Chicago ?,Reason
What three colors of ink are used to print a U.S. dollar bill ?,Fact
What exactly is the purpose of the anteater ?,Definition
What is the correct way to use `` may '' vs. `` might '' ?,Fact
What North American city boasts the biggest Polish population ?,Fact
"What radio , TV and movie character did Jackie Gleason and William Bendix play ?",Fact
"Where is it planned to berth the merchant ship , Lane Victory , which Merchant Marine veterans are converting into a floating museum ?",Fact
What does a pedometer measure ?,Fact
What is Maurizio Pellegrin 's age ?,Fact
How many thousands of students attend the University of Massachusetts ?,HowTo
Name the U.S. Senate majority leader and the Speaker of the House .,Fact
What name did football 's New York Titans adopt in 1963 ?,Fact
What female suspect in the game of Clue is single ?,Fact
Who owns CNN ?,Fact
About how many Americans are still unaccounted for from the Vietnam war ?,Fact
What is the chemical reactivity of neon ?,Fact
What is an auto-commentary ?,Definition
What is the oldest website on the Internet ?,Fact
What is deconstructionism ?,Definition
What did Lenny Bruce say that got him arrested ?,Definition
What newspaper returned a Pulitzer Prize for the fraudulent story Jimmy 's World ?,Fact
What is a fear of speaking ?,Fact
What was Hitler 's favorite movie ?,Fact
Why do airliners crash vs. gliding down ?,Reason
What are those little blue reflectors in the middle of the road for ?,Definition
"What member of The Little Rascals has an on-again , off-again sweetheart in Darla Hood ?",Fact
How is saline used in medicine ?,HowTo
"What is the name of the ` female ' counterpart to El Nino , which results in cooling temperatures and very dry weather ?",Fact
"What incident of 1933 did the German Nazis use to justify emergency decrees , imprisoning opponents and vesting more power in themselves ?",Fact
What country are you visiting if you land at President Duvalier Airport ?,Fact
What attorney-general ordered the closing of Alcatraz ?,Fact
What is the capital of Congo ?,Fact
What is the text of the Fifth Amendment ?,Definition
What is a country that starts with the letter x ?,Fact
What countries earn the most from tourism ?,Fact
What is the Internet2 ?,Definition
Which city in China has the largest number of foreign financial companies ?,Fact
When are the Oscars Academy Awards in 1999 ?,Fact
Who was the prophet of the Jewish people ?,Fact
What is the most common name ?,Fact
Who was the oldest U.S. president ?,Fact
"What common plant has a button , cap , cup , gills , and ring ?",Fact
When was Dubai 's first concrete house built ?,Fact
What is the Milky Way ?,Definition
What is Remembrance Day all about ?,Definition
What food did Marco Polo introduce into Italy from the court of Kubla Khan ?,Fact
What diamond producer controls about 80% of the world 's diamonds ?,Fact
Who is the prophet of the religion of Islam ?,Fact
Who portrayed Maggio in the film From Here to Eternity ?,Fact
Where are zebras most likely found ?,Fact
What are the odds of giving birth to twins ?,Fact
"What is the best place to live in the world , considering climate , civilization ?",Fact
What is meant by `` capital market '' ?,Definition
"In My Antonia , how is Mr. Shimerda out of place on the farm ?",Definition
What ship did Lloyd M. Bucher command ?,Fact
Name a medicine commonly used to combat AIDS ?,Fact
What is the difference between hair and fur ?,Comparison
What is the difference between love and infatuation ?,Comparison
Name the cartoon genie conjured by the magic ring shared by Nancy and Chuck .,Fact
What foods contain vitamin B12 ?,Fact
What is the amount of money owed for illegally having a dog on a beach ?,Fact
What are the first and last letters of the Greek alphabet ?,Fact
What is the web address at which I can find the e-mail address of a member of the US House of Representatives ?,Fact
How big is the largest diamond ?,HowTo
What are some ways to help someone with Chicken Pox ?,Fact
How do I find out the exact time of a sunset for a particular day ?,HowTo
When did the original Howdy Doody show go off the air ?,Fact
How many languages are there in the world ?,HowTo
Who was Picasso ?,Fact
Who were the only two bald U.S. Presidents ?,Fact
Which member of Charlie 's Angels sang vocals for Josie and the Pussycats ?,Fact
What river flows past the Temple of Karnak ?,Fact
What comedian was The Perfect Fool ?,Fact
What are the benefits of a rowing machine ?,Definition
Where do you find information about the Queensland National Competition Policy,Fact
What 's a `` coup de poing '' to a French boxer ?,Definition
What 's the difference between carelessness and carefreeness ?,Comparison
What is the Islamic counterpart to the Red Cross ?,Fact
Why does tuberculosis afflict people ?,Reason
Who loved Flash Gordon besides Dale ?,Fact
What is tyvek ?,Definition
What do humans catch zoonose diseases from ?,Fact
How did Asia get its name ?,HowTo
What was the name of the U.S. Navy gunboat in the film The Sand Pebbles ?,Fact
Where can I get information on the original 13 US colonies ?,Fact
For what disease is the drug Sinemet used as a treatment ?,Fact
What are three ways in which wind is created on the earth ?,Fact
What gender is not allowed to vote in Kuwait ?,Fact
How many inches over six feet is Tom Selleck ?,HowTo
What is the name of the disease that actress Hunter Tylo 's baby girl has ?,Fact
Who 's the only president buried in Washington,Fact
How much could you rent a Volkswagen bug for in 1966 ?,HowTo
Whose singing voice was dubbed in for Natalie Wood in West Side Story and Audrey Hepburn in My Fair Lady ?,Fact
"What is the mean income of the top 10% , top 5% , and top 1% ?",Fact
What North American city sprouts the most parking meters ?,Fact
What is the largest and most expensive freeway construction project in the U.S. right now ?,Fact
What can I do to get into an Ivy League school ?,Definition
What film did Louise Fletcher win the best actress Oscar for ?,Fact
Where did Gulliver find a race of tiny people ?,Fact
"What 1950 film won seven Oscars , including best picture ?",Fact
How much stronger is the new vitreous carbon material invented by the Tokyo Institute of Technology compared with the material made from cellulose ?,HowTo
How much do tuberculosis combatting drugs cost ?,HowTo
President Bush compared Saddam Hussein to whom ?,Comparison
What 's the name of Pittsburgh 's baseball team ?,Fact
What Shakespeare play opens with the line : `` Now is the winter of our discontent.. . '' ?,Fact
"What TV comedian worked with White Fang , Black Tooth and Pookie the Lion ?",Fact
Who created the character James Bond ?,Fact
What type of exercise burns the most calories ?,Fact
What is `` the only cigarette made with no leftovers '' ?,Definition
Where did the Japanese Imperial Forces surrender to end WWII ?,Fact
What is Mikhail Gorbachev 's middle initial ?,Definition
How many rows of whiskers does a cat have ?,HowTo
What British general surrendered to the colonial army at Saratoga ?,Fact
"How can people from Ireland come to the U.S. , work , and then return to Ireland ?",HowTo
"What product 's ads claim that it `` eliminates odors , kills household germs , mold , and mildew '' ?",Fact
What is the world population as of today ?,Fact
What is the history of Buffalo chicken wings ?,Definition
What is humidity ?,Definition
"What kind of creatures are black , yellow , and brown bullheads ?",Fact
What city would you be in if you were feeding the pigeons in the Piazza San Marco ?,Fact
What artist 's studio was the Bateau-Lavoir in Montmartre ?,Fact
What is the name of the planet that the Ewoks live on ?,Fact
How many words are there in the Spanish language ?,HowTo
Where is there information on the novel `` El Cid '' ?,Fact
What is the chemical formula for napalm ?,Fact
What is yohimbine ?,Definition
What is `` Chicago Hope '' ?,Definition
How many members of a family could be drafted in the U.S. military during World War II ?,HowTo
"Who wrote the song , `` Silent Night '' ?",Fact
What company is the largest Japanese ship builder ?,Fact
What does the `` blue ribbon '' stand for ?,Definition
What is the average date when most malls begin putting up Christmas holiday decorations ?,Fact
How many characters are in the Chinese alphabet ?,HowTo
Where is Burma ?,Fact
Who wrote The Collector ?,Fact
Which major diamond producer is based in South Africa ?,Fact
Who was Samuel Johnsons 's friend and biographer ?,Fact
What kind of women gave Sigmund Freud erotic dreams ?,Fact
What are the Cleveland Indians also called ?,Fact
What commodity 's shortage was the largest single factor in keeping North American cars off the roads during World War II ?,Fact
How many hummingbird eggs could fit in one ostrich egg ?,HowTo
"Who wrote the bestselling Missionary Travels and Researches in South Africa , published in 1857 ?",Fact
Who played the father on `` Charles in Charge '' ?,Fact
What is the gestation period for human pregnancies ?,Fact
Where did the name Daniel originate ?,Fact
What are common methods used to regulate monopolies ?,Fact
What category does the color pink denote in the Trivial Pursuit Baby Boomer Edition ?,Definition
How long does the average domesticated ferret live ?,HowTo
Name the Islamic counterpart to the Red Cross .,Fact
What are the historical trials following World War II called ?,Fact
What states do not have state income tax ?,Fact
What city has the two steepest streets in the U.S. ?,Fact
What is Margaret Thatcher known for ?,Definition
Name the country of giants twelve times the size of man in `` Gulliver 's Travels . '',Fact
What 's men 's par on a 455-yard golf hole ?,Fact
What four elements make up 90 percent of the human body ?,Fact
How many countries are there ?,HowTo
Where does most of the marijuana entering the United States come from ?,Fact
Stuart Hamblen is considered to be the first singing cowboy of which medium ?,Fact
What is Steve Rogers 's profession when he 's not Captain America ?,Fact
What is the most common cancer ?,Fact
Who are the top 10 richest people in the world ?,Fact
How do I contact Answers.com direct ?,HowTo
What causes a person to have constantly sweaty hands and feet ?,Definition
What happened to Answers.com ?,Definition
What is the spectrum of a sine wave ?,Definition
What ethnic group introduced the idea of potlatch ?,Fact
What is a person 's socioeconomic position ?,Definition
What do you say to a friend who ignores you for other friends ?,Definition
How many yards are in 1 mile ?,HowTo
What actor was the first man to appear on the cover of McCall 's ?,Fact
"What does R.E.M. stand for , as in the rock group R.E.M. ?",Definition
What Cruise Line does Kathie Lee Gifford advertise for ?,Fact
What does the name Jenna mean ?,Definition
Why do girls have to wear training bras ?,Reason
When was the first successful heart transplant for a human ?,Fact
How did Edith Bunker die ?,HowTo
"What country boasts Cawdor Castle , Glamis Castle , and Blair Castle ?",Fact
Define Spumante .,Definition
What does pH stand for ?,Definition
What country is Mount Everest in ?,Fact
Which country is the largest country in Latin America ?,Fact
Name the Four Horsemen of the Apocalypse .,Fact
What are geckos ?,Definition
What is the name of a book written by Aaron Hass ?,Fact
What is cosmology ?,Definition
How many watts make a kilowatt ?,HowTo
What TV series features the adventures of a married couple named Jonathan and Jennifer ?,Fact
What female faith healer wrote the inspirational book I Believe in Miracles ?,Fact
Who was Jinnah ?,Fact
What did Esquire name Ash Hole of the Year for 1980 ?,Fact
Where did King Francis I hang the `` Mona Lisa '' when he owned it ?,Fact
What 's been the ruin of many a poor boy in New Orleans ?,Fact
What is habeas corpus ?,Definition
How do you use an intranet ?,HowTo
What famous husband-and-wife team did radio ads for Blue Nun wine ?,Fact
How many times has Harold Stassen announced a drive for the White House ?,HowTo
What are bottle caps with presidents ' pictures inside worth ?,Fact
Where can I find the history of the Hungarian language ?,Fact
"Why do USA fax machines not work in UK , NNP ?",Reason
What cigarette is `` a whole new world '' ?,Fact
Who tramped through Florida looking for the Fountain of Youth ?,Fact
"In 1990 , what day of the week did Christmas fall on ?",Fact
What is the name of the song that Dracula plays on the organ ?,Fact
What two animals are specifically mentioned as being in Noah 's Ark ?,Fact
What is federal income tax ?,Definition
What was the name of the Confederate mounted guerrilla group with which Jesse James and Coleman Younger had ridden ?,Fact
"What disease plagued Europe , Africa and Asia ?",Fact
What card game can feature dealer 's choice ?,Fact
How many American soldiers are stationed in South Korea ?,HowTo
What is a fear of failure ?,Fact
How many feet more than 2 is the average height of the Great Wall of China ?,HowTo
What was the verdict in the 1925 trial of John T. Scopes ?,Definition
What is the best way to travel in Japan ?,Fact
How long ago did the Anglican church part from the Vatican ?,HowTo
How much did Lucy Van Pelt originally charge for psychiatric sessions ?,HowTo
Who followed up his first two underwater thrillers with The Girl of the Sea of Cortez ?,Fact
When was the Parthenon built ?,Fact
What 1895 H.G. Wells novel was written under the title The Chronic Argonauts ?,Fact
What is a common dolphin ?,Definition
How is Answers.com funded ?,HowTo
How long does a pig 's orgasm last ?,HowTo
What U.S. state comes last in an alphabetical list ?,Fact
How many mountains have been named for Presidents in the continental USA ?,HowTo
What are the unemployment statistics for the years 1965 and 1990 ?,Fact
What does BUD stand for ?,Definition
Who is the one Independent Member of Congress ?,Fact
What is a society ruled by elders ?,Fact
What two presidents of the U.S. published books of poetry ?,Fact
Which of the Seven Dwarfs comes first alphabetically ?,Fact
What professional cricketer 's son wrote The War of the Worlds in 1898 ?,Fact
What condiment do the Dutch dip their French fries in ?,Fact
Which comic strip was never turned into a Broadway musical ?,Fact
In what war was the first submarine used ?,Fact
CPR is the abbreviation for what ?,Definition
How many inches apart are adjacent pins in tenpin bowling ?,HowTo
How many miles of corridors are in The Pentagon ?,HowTo
How do you find the area of a circle ?,HowTo
What U.S. state includes the San Juan Islands ?,Fact
"What English playwright penned : `` Where the bee sucks , so shall I '' ?",Fact
What do the red-and-white stripes on a barbershop pole stand for ?,Definition
Name the ship Beany and Cecil sailed .,Fact
How deep is a fathom ?,HowTo
What was the `` Dead Man 's Hand '' ?,Definition
What was Fred Astaire 's dancing partner 's name ?,Fact
How do I find a web address for a company ?,HowTo
What is the highest number of home runs on record for any one game ?,Fact
What are some of Australia 's native flora ?,Fact
What heavyweight boxer was known as The Wild Bull of the Pampas ?,Fact
How many quarts of whole milk is needed to make one pound of butter ?,HowTo
What London street claims to be the world center for men 's tailoring ?,Fact
How old is the universe ?,HowTo
When does the Bible say the seasons started ?,Fact
What animal has been called The Poor Man 's Cow ?,Fact
Where did the marriage ceremony come from ?,Fact
What bordering country is due north of Costa Rica ?,Fact
What Morris West novel deals with Russian bishop who becomes Pope ?,Fact
What nation boarders Mozambique ?,Fact
What does EKG stand for ?,Definition
The Olympic Games in which year allowed Nadia Comaneci to become popular ?,Fact
What TV talk-show host lends his name to a line of men 's clothing ?,Fact
What soft drink held a national flavor poll in 1967 ?,Fact
Colin Powell is famous for what ?,Definition
The Jewish alphabet is known as what ?,Fact
What is a fear of home surroundings ?,Fact
How many people die of tuberculosis yearly ?,HowTo
What is a specimen of basidiomycetes ?,Definition
Who invented the electric guitar ?,Fact
What is the capital of California ?,Fact
What country comes last in an alphabetical list ?,Fact
What are faults in the earth 's crust ?,Definition
What was an `` Asiento '' ?,Definition
What kind of greeting is appropriate to send on Yom Kippur ?,Definition
How hot should the oven be when baking Peachy Oat Muffins ?,HowTo
What is dextropropoxyphen napsylate ?,Definition
What Don McLean song laments the day Buddy Holly died ?,Fact
What is Srpska Krajina ?,Definition
How was the Kennedy money made ?,HowTo
What country is the worlds leading supplier of cannabis ?,Fact
What was the orca 's name that died of a fungal infection at Sea World ?,Fact
Who is the President of Pergament ?,Fact
What city is the Kentucky Horse Park near ?,Fact
What does Esa-Pekka Salonen look like ?,Definition
"What cereal goes `` snap , crackle , pop '' ?",Fact
How did water appear on the earth ?,HowTo
Where did Hillary Clinton graduate college ?,Fact
What does Robert mean ?,Definition
How do anti-locking brakes work ?,HowTo
What colors is magenta made of ?,Fact
How does the chain of command work inside an US army Apache helicopter ?,HowTo
Which medium is Hamblen the first singing cowboy in ?,Fact
What is the name of Jamiroquai new album ?,Fact
What is a hormone ?,Definition
What American naval officer broke Japan 's isolationist policy in 1853 ?,Fact
What is fellatio ?,Definition
What characteristics contribute to its `` intelligence '' ?,Definition
What significant battle was fought in Belgium in 1815 ?,Fact
Which police department made the all-time biggest cocaine bust in Ventura County ?,Fact
Who gave us the `` Rolling Writer '' ?,Fact
How were the days of the week named ?,HowTo
Who wrote The Secret Life of Walter Mitty ?,Fact
What 1965 film had Jack Lemmon portraying a cartoonist ?,Fact
What is fiber in food ?,Definition
What 's the traditional drink at the Kentucky Derby ?,Fact
Who is the head of the World Bank ?,Fact
"Why do some jets have a vapor trail , and others do not ?",Reason
What is a fear of childbirth ?,Fact
How many people does Honda employ in the U.S. ?,HowTo
What species was Winnie the Pooh ?,Fact
How much calcium should an adult female have daily ?,HowTo
What is the most popular last name ?,Fact
What does an ashen-faced eidologist search out the existence of ?,Fact
Who moderated the first Kennedy-Nixon TV debate ?,Fact
Who portrayed George M. Cohan in 1942 's Yankee Doodle Dandy ?,Fact
What is the S&P 500 used for ?,Definition
What does `` Philebus-like '' mean ?,Definition
When was Nostradamus born ?,Fact
What are the ingredients of Coca-Cola ?,Fact
Who 's the only U.S. president to have won a Pulitzer Prize ?,Fact
What is nuclear proliferation ?,Definition
Who was Maria Theresa ?,Fact
What is the country of origin for the name Thomas ?,Fact
Why do you say `` God bless you '' when people sneeze ?,Reason
What is the population of the largest Chilean city,Fact
What country has the highest per capita consumption of cheese ?,Fact
What is Larry King 's occupation ?,Fact
Who invented `` The Muppets '' ?,Fact
"Why does a wheel , e.g. a car tire , appear to spin in the opposite direction as it slows down ?",Reason
What sea is Bombay on ?,Fact
Who are cartoondom 's Super Six ?,Fact
What does `` E Pluribus Unum '' on the penny mean ?,Definition
What 's the difference between TFT and dual-scan display ?,Comparison
What fool is not so wise To lose an oath to win a paradise ?,Fact
What is the English meaning of caliente ?,Definition
Where in the Americas is it only 47 miles from the Atlantic to the Pacific ?,Fact
What does the word `` opera '' mean ?,Definition
How tall was the animated Frankenstein,HowTo
How do you ask questions ?,HowTo
What U.S. city is known as The Rubber Capital of the World ?,Fact
What countries have the highest ratio of university students ?,Fact
How can you become an FBI agent ?,HowTo
What is the world 's best selling cookie ?,Fact
How many miles is it from NY to Austria ?,HowTo
Where did the energy for the Big Bang come from ?,Fact
How big is the universe actually ?,HowTo
What is the difference between the Koran and The Bible ?,Comparison
What monarch signed the Magna Carta ?,Fact
What 's the U.S. Navy hymn ?,Fact
How many sides does a heptagon have ?,HowTo
What Grand Slam golf tournament wasn 't held between 1940 and 1945 ?,Fact
What is idealab ! ?,Definition
Where are there aborigines ?,Fact
What toy can you make sleep ?,Fact
What caused the division between the Anglicans and the Vatican ?,Definition
What corporation does Madonna advertise for ?,Fact
On what river is Rome built ?,Fact
"Where on the Web is Adventours Tours from Sydney , Australia ?",Fact
Where were the 1936 Summer Olympics held ?,Fact
What cathedral was Thomas Becket murdered in ?,Fact
Why was Curious George curious ?,Reason
How did U.S.A become involved in the Barbary Wars,HowTo
The Kentucky Horse Park is close to which American city ?,Fact
What store does Martha Stewart advertise for ?,Fact
What do you know about multicultural and multilingual schools ?,Definition
What is the origin of U.S. Army sergeant 's stripes ?,Definition
How old was Sir Edmund Hillary when he climbed Mt. Everest ?,HowTo
Where in a tree does photosynthesis occur ?,Fact
What are some science fair projects for 8th graders ?,Fact
What strait links the Mediterranean Sea and the Atlantic Ocean ?,Fact
What airport is on the Piccadilly subway line ?,Fact
Which police department made the largest cocaine seizure ever in Ventura County ?,Fact
What color is the eight-ball in pocket billiards ?,Fact
What was the first ready-to-eat breakfast cereal ?,Fact
What did Benny Carter play ?,Fact
What seven digits follow the area code in the number for long distance information ?,Fact
What city 's airport is named Logan International ?,Fact
What Pope inaugurated Vatican International Radio ?,Fact
How many times more than 3,HowTo
How many names are there for Eskimo people ?,HowTo
"What king is satirized in the line : `` The King was in the countinghouse , counting all his money '' ?",Fact
What shape-shifting menace did Rom come to Earth to fight ?,Fact
What is the nickname of Pennsylvania ?,Fact
What causes headaches ?,Definition
Names of books by James A. Michener set in the following locations ?,Fact
When was the first stained glass window made ?,Fact
What company 's trademark was His Master 's Voice ?,Fact
What Pope inaugurated Vatican International Radio ?,Fact
What director made one silent and one sound version of The Ten Commandments ?,Fact
When did swimming become commonplace ?,Fact
Which presidents of the USA were Masons ?,Fact
Who was the tallest U.S. president ?,Fact
What is the largest museum in the world ?,Fact
How can I enforce new rules to a group of youngsters who have been allowed to do as they please .,HowTo
What character in The Beverly Hillbillies has the given names Daisy Moses ?,Fact
What comedienne calls her sister-in-law Captain Bligh and her mother-in-law Moby Dick ?,Fact
How many gallons of paint does it take to paint the Golden Gate Bridge ?,HowTo
What president also became a supreme court justice ?,Fact
When does menstruation begin ?,Fact
Where did makeup originate ?,Fact
What is the only modern language that capitalizes its singular first-person pronoun ?,Fact
"What is the claim to fame of Agra , India ?",Definition
What flag flies over Wake Island ?,Fact
How deep is a fathom ?,HowTo
What Kennedy was married to Ethel ?,Fact
What U.S. state is Mammoth Cave National Park in ?,Fact
What is the most famous German word in the English language ?,Fact
Who was actress June Havoc 's legendary sister ?,Fact
What is widely used to detect birth defects ?,Fact
What is the chromosome number of an elephant ?,Fact
Who killed JFK ?,Fact
Who was the star witness at the Senate Watergate hearings ?,Fact
What is the Order of the Arrow in Boy Scouts ?,Definition
In what country is a stuck-out tongue a friendly greeting ?,Fact
What are the five basic swimming strokes ?,Fact
Who is the son-in-law of Sen. Everett Dirkson who was also a senator in the '70 's ?,Fact
Where is Erykah Badu originally from ?,Fact
Where can I buy a pony on the Big Island for my daughter ?,Fact
How old was George Washington when he died ?,HowTo
What is the recipe or formula for Coca-Cola ?,Fact
Who made the rotary engine automobile ?,Fact
"What is the origin of the term `` blue moon , '' and how often do they occur ?",Definition
How many blacks served in the Vietnam War,HowTo
What were the last names of gangsters Bonnie and Clyde ?,Fact
What is the address of the famous Mexican star `` Thalia '' ?,Fact
What does a man suffering from diphallic terata have ?,Fact
Who invented panties ?,Fact
What is Pittsburgh 's baseball team called ?,Fact
"What is p.m. an abbreviation for , as in 5 p.m. ?",Definition
What sport can a free-legged pacer compete in ?,Fact
What does CPR stand for ?,Definition
What President had never held an elected office until he was elected to the White House ?,Fact
What are the diseases that can be cured by black cumin ?,Fact
What fruit does the ficus produce ?,Fact
Who is the richest person in the world ?,Fact
What is an aurora ?,Definition
How much time does the blinking of an eye take ?,HowTo
What made the short-lived Star Hawks strip so unique ?,Definition
What 's the biggest-selling U.S. magazine aimed at a black audience ?,Fact
How deep is a fathom ?,HowTo
What is the primary language of the Philippines ?,Fact
When did the use of `` the syringe '' first appear in medicinal history ?,Fact
What was the Long March in China ?,Definition
What international organization was founded by Clara Barton ?,Fact
What corporation does Madonna advertise for ?,Fact
What is the Islamic equivalent of the Red Cross ?,Fact
How many people visit the Pope each month ?,HowTo
What planet gave bith to Superman ?,Fact
What month of the year is there no television in Iceland ?,Fact
What George Harrison tune sounded too much like He 's So Fine by The Chiffons ?,Fact
Who is buried in the great pyramid of Giza ?,Fact
"What is the most important nation in the world , historically ?",Fact
What is the current unemployment rate in the U.S. ?,Fact
When was the first railroad from the east coast to the west coast completed ?,Fact
How fast can a Corvette go ?,HowTo
What do a diamond and lump of coal have in common ?,Definition
What famous actress made her first appearance on stage at the age of five in the year 191 as `` Baby '' ?,Fact
What effect does LSD have on the brain ?,Definition
What are the three most successful companies of our time ?,Fact
How much did a McDonald 's hamburger cost in 1963 ?,HowTo
What is the name of the company that manufactures the `` American Girl '' doll collection ?,Fact
What is a horologist ?,Definition
What was the effect of the Yalta Conference ?,Definition
Where is the group M People from ?,Fact
What country is famous for Persian rugs ?,Fact
How many were in attendance at the Last Supper ?,HowTo
How long should you feed your puppy Purina Puppy Chow ?,HowTo
What do the figures represent on the Easter Island ?,Definition
"What magazine paid $5 , 000 for an eight-millimeter film of John F. Kennedy 's assassination ?",Fact
What is the name given to the Islamic counterpart of the Red Cross ?,Fact
How does a submarine operate ?,HowTo
What city is graced by the Arch of Titus ?,Fact
What is Michael Jackson 's father 's name ?,Fact
Who was the girl in Peter Sellers 's soup ?,Fact
What creative genius said : `` Everything comes to him who hustles while he waits '' ?,Fact
How is Paraguay for vacations ?,HowTo
Where is the world 's most active volcano located ?,Fact
What is the acronym for the rating system for air conditioner efficiency ?,Definition
What country is bounded in part by the Indian Ocean and Coral and Tasman seas ?,Fact
How many people did Randy Steven Craft murder ?,HowTo
What do you call a section of your finger from one joint to another ?,Fact
"What happened on January 15 , 1969 ?",Fact
What Muhammad Ali maneuver was George Foreman the first victim of ?,Fact
What is DSL ?,Definition
How many small businesses are there in the United States ?,HowTo
Who was Ben Casey 's boss ?,Fact
What multitalented Academy-award-winning director failed a college course in motion-picture production ?,Fact
Where is Ayer 's rock ?,Fact
What 's a Craps player called ?,Fact
When was the Berlin Wall erected ?,Fact
When was cigarette advertising banned on television and radio ?,Fact
What is the name of the game that Garry Kasparov plays ?,Fact
What Caribbean cult did Marcus Garvey originate ?,Fact
What is the most widely cultivated plant ?,Fact
What wild and crazy guy wrote a book called Cruel Shoes ?,Fact
What city 's theatrical district has been dubbed The Roaring Forties ?,Fact
What should the temperature be set at while baking Peachy Oat Muffins ?,Fact
What police force did Mack Sennett create ?,Fact
How many home runs did Babe Ruth hit in his lifetime ?,HowTo
"Who was in Death of a Salesman original movie , not 1985 ?",Fact
How do I get a complete list of all the people that are living with the last name Kilvington ?,HowTo
What is Dr. Ruth 's last name ?,Fact
What 's the world 's most common compound ?,Fact
Where was George Washington born ?,Fact
How many colors are there in the spectrum ?,HowTo
What 's the middle name of movie producer Joseph E. Levine ?,Fact
Define Sinn Fein .,Definition
What two Caribbean countries share the island of Hispaniola ?,Fact
What is in baby powder and baby lotion that makes it smell the way it does ?,Definition
What is probability theory ?,Definition
Who told all in Ball Four ?,Fact
What kind of car did Janis Joplin ask the Lord to buy her ?,Fact
Who followed Willy Brandt as chancellor of the Federal Republic of Germany ?,Fact
What continent 's second-highest peak is Mont Blanc ?,Fact
What Peruvian city is home to the mummified body of Francisco Pizarro ?,Fact
When did French revolutionaries storm the Bastille ?,Fact
How can I look up someone 's E-mail address on the Internet ?,HowTo
How many men died building the Mackinaw Bridge ?,HowTo
How do you tell somebody you like them ?,HowTo
What name does the world know Renaissance artist Kyriakos Theotokopoulos by ?,Fact
Who is the president of Bolivia ?,Fact
What nationality is Gorbachev ?,Fact
Who played the title role in The Romantic Englishwoman ?,Fact
What President once told Gene Autry : `` Please give my regards to your wife Dale '' ?,Fact
Who made the deodorant that claimed that it `` actually builds up resistance to odor '' ?,Fact
What is the shape of a football as stated in the NFL rulebook ?,Fact
What is the origin of thank you notes ?,Definition
Who used AuH2O as an election slogan ?,Fact
How long do you have to pay back debt after claiming chapter 11 bankruptcy ?,HowTo
What Shakespearean play featured Shylock ?,Fact
Which magazine is `` fine entertainment for men '' ?,Fact
Why do roosters sing at five o 'clock in the morning ?,Reason
What features of the African elephant are larger than those of the Indian elephant ?,Definition
What ocean surrounds the Maldive Islands ?,Fact
What South American country won its first World Cup soccer title in 1978 ?,Fact
How many cullions does a male have ?,HowTo
What painter popularized soup cans and Brillo soap pad boxes ?,Fact
Who played Lucas McCain on The Rifleman ?,Fact
What colorful sea 's region does Greek legend say the Amazons lived near ?,Fact
Who was the only person convicted in the My Lai Massacre ?,Fact
On what continent is Mozambique ?,Fact
What words in the English have two u 's back to back ?,Fact
What do Hasidic Jews refrain from while dating ?,Fact
"What was the name given the 6 , 500 German airforce troops that used the Spanish Civil War as a training exercise ?",Fact
What is the poetic meter of blank verse ?,Definition
Rotary engine cars were made by what company ?,Fact
Who was the lawyer who represented Randy Steven Craft ?,Fact
What is the history of the soft drink Mr. Pibb ?,Definition
"Which is a real berry : blackberry , cranberry , raspberry , strawberry ?",Fact
What materials did the three little pigs use to build their houses ?,Fact
What part did Benjamin Franklin play in the development of the newspaper in America ?,Fact
When was Microsoft established ?,Fact
"When did President Kennedy , Lee Harvey Oswald , and Jack Ruby all die ?",Fact
What is the U.S. location of Procter & Gamble corporate offices ?,Fact
What is platinum ?,Definition
What state is known as the Hawkeye State ?,Fact
Who is the prime minister of Australia ?,Fact
What are all the southern states of the U.S. ?,Fact
What does the River Seine empty into ?,Fact
What did people use to freshen their breath before toothpaste ?,Fact
Which airplane was Fawaz Younis convicted of hijacking ?,Fact
What state did Anita Bryant represent in the 1959 Miss America contest ?,Fact
How many soldiers were involved in the last Panama invasion by the United States of America ?,HowTo
Describe the Long March .,Definition
What major league baseball team compiled the best won-lost record between 1957 and 1983 ?,Fact
How many propellers helped power the plane the Wright brothers flew into history ?,HowTo
"Who died with more than 1 , 000 U.S. patents to his credit ?",Fact
What was the name of Randy Steven Craft 's lawyer ?,Fact
Who won the first general election for President held in Malawi in May 1994 ?,Fact
Where is South Bend ?,Fact
What country has the most coastline ?,Fact
What two states is Washington D.C. between ?,Fact
In what year did Joe DiMaggio compile his 56-game hitting streak ?,Fact
What year was the setting for American Graffiti ?,Fact
When did the art of quilting begin ?,Fact
Why are eggs supposed to be stored small end down ?,Reason
What must be exceeded to produce a sonic boom ?,Fact
What is a fear of fish ?,Fact
How much did the Iran-Contra investigation cost ?,HowTo
What does the double-O indicate in 007 ?,Definition
"What Argentine revolutionary fought with Castro and died in Bolivia in May , 1979 ?",Fact
What botanical marvel did Nebuchadnezzar build ?,Fact
What 's known as The queen of Drinks ?,Fact
What famous comic strip character died of acne ?,Fact
What is an aortic abdominal aneurysm ?,Definition
What are chloroplasts ?,Definition
How many John Deere tractors have been manufactured ?,HowTo
Who is Zebulon Pike ?,Fact
What did the forward-thinking Simon Brothers Bakery of Chicago insert into bagels to boost business ?,Fact
When did communist control end in Hungary ?,Fact
How do I legally make my own will and testament ?,HowTo
How do you make the color purple ?,HowTo
What beer 's name is translated as `` lion brew '' ?,Fact
What has been the most common Christian name of U.S. presidents ?,Fact
How many cherubs are there on a Trivial Pursuit board ?,HowTo
How can I search for a word within my own webpage ?,HowTo
How many people live in Chile ?,HowTo
What sport do the Cleaveland Cavaliers play ?,Fact
What European country 's monarchy was restored in 1975 ?,Fact
"Why are sometimes your hands cold , but the rest of you isn 't ?",Reason
What English explorer discovered and named Virginia ?,Fact
What war added jeep and quisling to the English language ?,Fact
What country is home to Heineken beer ?,Fact
What people make up half the Soviet Union 's population ?,Fact
What money was used here ?,Fact
When did Charles Lindbergh die ?,Fact
How many athletes did Puerto Rico enter in the 1984 Winter Olympics ?,HowTo
What is the highest continent ?,Fact
Who used to make cars with rotary engines ?,Fact
What are my legal rights in an automobile repossession in California ?,Definition
"What is the meaning of caliente , in English , ?",Definition
Where can I find information on becoming a journalist ?,Fact
What did Jack exchange with the butcher for a handful of beans ?,Fact
In what city does Maurizio Pellegrin now live ?,Fact
Who was Buffalo Bill ?,Fact
What 's the shape of a camel 's spine ?,Fact
What type of currency is used in China ?,Fact
What is the temperature today ?,Fact
What is the temperature for cooking ?,Fact
What currency is used in Australia ?,Fact
